pitch_type,pitcher,batter,pitcher_ID,batter_ID,speed,pitch_result,pa_result,pa_result_detail,description,balls,strikes,outs,inning,inning_topbot,score_away,score_home,outs_on_play,runs_scored,stands,throws,on_1b,on_2b,on_3b,pos_1,pos_2,pos_3,pos_4,pos_5,pos_6,pos_7,pos_8,pos_9,on_1b_id,on_2b_id,on_3b_id,pos_1_id,pos_2_id,pos_3_id,pos_4_id,pos_5_id,pos_6_id,pos_7_id,pos_8_id,pos_9_id,px,pz,pfx_x,pfx_z,pfx_x_raw,pfx_z_raw,x0,z0,sz_top,sz_bot,y0,vx0,vy0,vz0,ax,ay,az,game_date,home,away,home_alias,away_alias,stadium,referee,pa_number,pitch_number,pitchID,gameID
,곽정철,박재상,75668,71857,0,스트라이크,,,,0,0,0,1,초,0,0,0,0,좌,우,,,,곽정철,김상훈,최희섭,김종국,안치홍,이현곤,나지완,김원섭,이종범,,,,75668,70612,77623,96616,79608,72606,78629,71207,93607,,,,,,,,,,,,,,,,,,20090409,HT,SK,KIA,SSG,무등,권영철,1,1,-1,20090409SKHT0
,곽정철,박재상,75668,71857,0,파울,,,,0,1,0,1,초,0,0,0,0,좌,우,,,,곽정철,김상훈,최희섭,김종국,안치홍,이현곤,나지완,김원섭,이종범,,,,75668,70612,77623,96616,79608,72606,78629,71207,93607,,,,,,,,,,,,,,,,,,20090409,HT,SK,KIA,SSG,무등,권영철,1,2,-1,20090409SKHT0
,곽정철,박재상,75668,71857,0,볼,,,,0,2,0,1,초,0,0,0,0,좌,우,,,,곽정철,김상훈,최희섭,김종국,안치홍,이현곤,나지완,김원섭,이종범,,,,75668,70612,77623,96616,79608,72606,78629,71207,93607,,,,,,,,,,,,,,,,,,20090409,HT,SK,KIA,SSG,무등,권영철,1,3,-1,20090409SKHT0
,곽정철,박재상,75668,71857,0,볼,,,,1,2,0,1,초,0,0,0,0,좌,우,,,,곽정철,김상훈,최희섭,김종국,안치홍,이현곤,나지완,김원섭,이종범,,,,75668,70612,77623,96616,79608,72606,78629,71207,93607,,,,,,,,,,,,,,,,,,20090409,HT,SK,KIA,SSG,무등,권영철,1,4,-1,20090409SKHT0
,곽정철,박재상,75668,71857,0,볼,,,,2,2,0,1,초,0,0,0,0,좌,우,,,,곽정철,김상훈,최희섭,김종국,안치홍,이현곤,나지완,김원섭,이종범,,,,75668,70612,77623,96616,79608,72606,78629,71207,93607,,,,,,,,,,,,,,,,,,20090409,HT,SK,KIA,SSG,무등,권영철,1,5,-1,20090409SKHT0
,곽정철,박재상,75668,71857,0,볼,볼넷,볼넷,박재상 :  볼넷;,3,2,0,1,초,0,0,0,0,좌,우,,,,곽정철,김상훈,최희섭,김종국,안치홍,이현곤,나지완,김원섭,이종범,,,,75668,70612,77623,96616,79608,72606,78629,71207,93607,,,,,,,,,,,,,,,,,,20090409,HT,SK,KIA,SSG,무등,권영철,1,6,-1,20090409SKHT0
,곽정철,조동화,75668,71848,0,볼,,,,0,0,0,1,초,0,0,0,0,좌,우,박재상,,,곽정철,김상훈,최희섭,김종국,안치홍,이현곤,나지완,김원섭,이종범,71857.0,,,75668,70612,77623,96616,79608,72606,78629,71207,93607,,,,,,,,,,,,,,,,,,20090409,HT,SK,KIA,SSG,무등,권영철,2,1,-1,20090409SKHT0
,곽정철,조동화,75668,71848,0,타격,번트 안타,번트 안타,조동화 : 3루수 앞 번트안타; 1루주자 박재상 :   2루까지 진루;,1,0,0,1,초,0,0,0,0,좌,우,박재상,,,곽정철,김상훈,최희섭,김종국,안치홍,이현곤,나지완,김원섭,이종범,71857.0,,,75668,70612,77623,96616,79608,72606,78629,71207,93607,,,,,,,,,,,,,,,,,,20090409,HT,SK,KIA,SSG,무등,권영철,2,2,-1,20090409SKHT0
,곽정철,김재현,75668,94107,0,볼,,,,0,0,0,1,초,0,0,0,0,좌,우,조동화,박재상,,곽정철,김상훈,최희섭,김종국,안치홍,이현곤,나지완,김원섭,이종범,71848.0,71857.0,,75668,70612,77623,96616,79608,72606,78629,71207,93607,,,,,,,,,,,,,,,,,,20090409,HT,SK,KIA,SSG,무등,권영철,3,1,-1,20090409SKHT0
,곽정철,김재현,75668,94107,0,타격,병살타,병살타,김재현 : 2루수 병살타 아웃 (2루수->유격수->1루수 송구아웃); 1루주자 조동화 :  포스아웃 (2루수->유격수 2루 터치아웃); 2루주자 박재상 :   3루까지 진루;,1,0,0,1,초,0,0,2,0,좌,우,조동화,박재상,,곽정철,김상훈,최희섭,김종국,안치홍,이현곤,나지완,김원섭,이종범,71848.0,71857.0,,75668,70612,77623,96616,79608,72606,78629,71207,93607,,,,,,,,,,,,,,,,,,20090409,HT,SK,KIA,SSG,무등,권영철,3,2,-1,20090409SKHT0
,곽정철,박재홍,75668,96362,0,볼,,,,0,0,2,1,초,0,0,0,0,우,우,,,박재상,곽정철,김상훈,최희섭,김종국,안치홍,이현곤,나지완,김원섭,이종범,,,71857.0,75668,70612,77623,96616,79608,72606,78629,71207,93607,,,,,,,,,,,,,,,,,,20090409,HT,SK,KIA,SSG,무등,권영철,4,1,-1,20090409SKHT0
,곽정철,박재홍,75668,96362,0,스트라이크,,,,1,0,2,1,초,0,0,0,0,우,우,,,박재상,곽정철,김상훈,최희섭,김종국,안치홍,이현곤,나지완,김원섭,이종범,,,71857.0,75668,70612,77623,96616,79608,72606,78629,71207,93607,,,,,,,,,,,,,,,,,,20090409,HT,SK,KIA,SSG,무등,권영철,4,2,-1,20090409SKHT0
,곽정철,박재홍,75668,96362,0,볼,,,,1,1,2,1,초,0,0,0,0,우,우,,,박재상,곽정철,김상훈,최희섭,김종국,안치홍,이현곤,나지완,김원섭,이종범,,,71857.0,75668,70612,77623,96616,79608,72606,78629,71207,93607,,,,,,,,,,,,,,,,,,20090409,HT,SK,KIA,SSG,무등,권영철,4,3,-1,20090409SKHT0
,곽정철,박재홍,75668,96362,0,스트라이크,,,,2,1,2,1,초,0,0,0,0,우,우,,,박재상,곽정철,김상훈,최희섭,김종국,안치홍,이현곤,나지완,김원섭,이종범,,,71857.0,75668,70612,77623,96616,79608,72606,78629,71207,93607,,,,,,,,,,,,,,,,,,20090409,HT,SK,KIA,SSG,무등,권영철,4,4,-1,20090409SKHT0
,곽정철,박재홍,75668,96362,0,타격,포스 아웃,땅볼 아웃,박재홍 : 유격수 땅볼 아웃 (유격수->1루수 송구아웃);,2,2,2,1,초,0,0,1,0,우,우,,,박재상,곽정철,김상훈,최희섭,김종국,안치홍,이현곤,나지완,김원섭,이종범,,,71857.0,75668,70612,77623,96616,79608,72606,78629,71207,93607,,,,,,,,,,,,,,,,,,20090409,HT,SK,KIA,SSG,무등,권영철,4,5,-1,20090409SKHT0
,채병용,이종범,71845,93607,0,볼,,,,0,0,0,1,말,0,0,0,0,우,우,,,,채병용,박경완,박정권,안경현,최정,모창민,박재상,조동화,박재홍,,,,71845,92809,74846,92207,75847,78813,71857,71848,96362,,,,,,,,,,,,,,,,,,20090409,HT,SK,KIA,SSG,무등,권영철,5,1,-1,20090409SKHT0
,채병용,이종범,71845,93607,0,파울,,,,1,0,0,1,말,0,0,0,0,우,우,,,,채병용,박경완,박정권,안경현,최정,모창민,박재상,조동화,박재홍,,,,71845,92809,74846,92207,75847,78813,71857,71848,96362,,,,,,,,,,,,,,,,,,20090409,HT,SK,KIA,SSG,무등,권영철,5,2,-1,20090409SKHT0
,채병용,이종범,71845,93607,0,파울,,,,1,1,0,1,말,0,0,0,0,우,우,,,,채병용,박경완,박정권,안경현,최정,모창민,박재상,조동화,박재홍,,,,71845,92809,74846,92207,75847,78813,71857,71848,96362,,,,,,,,,,,,,,,,,,20090409,HT,SK,KIA,SSG,무등,권영철,5,3,-1,20090409SKHT0
,채병용,이종범,71845,93607,0,타격,필드 아웃,플라이 아웃,이종범 : 중견수 플라이 아웃;,1,2,0,1,말,0,0,1,0,우,우,,,,채병용,박경완,박정권,안경현,최정,모창민,박재상,조동화,박재홍,,,,71845,92809,74846,92207,75847,78813,71857,71848,96362,,,,,,,,,,,,,,,,,,20090409,HT,SK,KIA,SSG,무등,권영철,5,4,-1,20090409SKHT0
,채병용,김원섭,71845,71207,0,스트라이크,,,,0,0,1,1,말,0,0,0,0,좌,우,,,,채병용,박경완,박정권,안경현,최정,모창민,박재상,조동화,박재홍,,,,71845,92809,74846,92207,75847,78813,71857,71848,96362,,,,,,,,,,,,,,,,,,20090409,HT,SK,KIA,SSG,무등,권영철,6,1,-1,20090409SKHT0
,채병용,김원섭,71845,71207,0,스트라이크,,,,0,1,1,1,말,0,0,0,0,좌,우,,,,채병용,박경완,박정권,안경현,최정,모창민,박재상,조동화,박재홍,,,,71845,92809,74846,92207,75847,78813,71857,71848,96362,,,,,,,,,,,,,,,,,,20090409,HT,SK,KIA,SSG,무등,권영철,6,2,-1,20090409SKHT0
,채병용,김원섭,71845,71207,0,타격,포스 아웃,땅볼 아웃,김원섭 : 유격수 땅볼 아웃 (유격수->1루수 송구아웃);,0,2,1,1,말,0,0,1,0,좌,우,,,,채병용,박경완,박정권,안경현,최정,모창민,박재상,조동화,박재홍,,,,71845,92809,74846,92207,75847,78813,71857,71848,96362,,,,,,,,,,,,,,,,,,20090409,HT,SK,KIA,SSG,무등,권영철,6,3,-1,20090409SKHT0
,채병용,장성호,71845,96610,0,스트라이크,,,,0,0,2,1,말,0,0,0,0,좌,우,,,,채병용,박경완,박정권,안경현,최정,모창민,박재상,조동화,박재홍,,,,71845,92809,74846,92207,75847,78813,71857,71848,96362,,,,,,,,,,,,,,,,,,20090409,HT,SK,KIA,SSG,무등,권영철,7,1,-1,20090409SKHT0
,채병용,장성호,71845,96610,0,볼,,,,0,1,2,1,말,0,0,0,0,좌,우,,,,채병용,박경완,박정권,안경현,최정,모창민,박재상,조동화,박재홍,,,,71845,92809,74846,92207,75847,78813,71857,71848,96362,,,,,,,,,,,,,,,,,,20090409,HT,SK,KIA,SSG,무등,권영철,7,2,-1,20090409SKHT0
,채병용,장성호,71845,96610,0,볼,,,,1,1,2,1,말,0,0,0,0,좌,우,,,,채병용,박경완,박정권,안경현,최정,모창민,박재상,조동화,박재홍,,,,71845,92809,74846,92207,75847,78813,71857,71848,96362,,,,,,,,,,,,,,,,,,20090409,HT,SK,KIA,SSG,무등,권영철,7,3,-1,20090409SKHT0
,채병용,장성호,71845,96610,0,스트라이크,,,,2,1,2,1,말,0,0,0,0,좌,우,,,,채병용,박경완,박정권,안경현,최정,모창민,박재상,조동화,박재홍,,,,71845,92809,74846,92207,75847,78813,71857,71848,96362,,,,,,,,,,,,,,,,,,20090409,HT,SK,KIA,SSG,무등,권영철,7,4,-1,20090409SKHT0
,채병용,장성호,71845,96610,0,파울,,,,2,2,2,1,말,0,0,0,0,좌,우,,,,채병용,박경완,박정권,안경현,최정,모창민,박재상,조동화,박재홍,,,,71845,92809,74846,92207,75847,78813,71857,71848,96362,,,,,,,,,,,,,,,,,,20090409,HT,SK,KIA,SSG,무등,권영철,7,5,-1,20090409SKHT0
,채병용,장성호,71845,96610,0,파울,,,,2,2,2,1,말,0,0,0,0,좌,우,,,,채병용,박경완,박정권,안경현,최정,모창민,박재상,조동화,박재홍,,,,71845,92809,74846,92207,75847,78813,71857,71848,96362,,,,,,,,,,,,,,,,,,20090409,HT,SK,KIA,SSG,무등,권영철,7,6,-1,20090409SKHT0
,채병용,장성호,71845,96610,0,볼,,,,2,2,2,1,말,0,0,0,0,좌,우,,,,채병용,박경완,박정권,안경현,최정,모창민,박재상,조동화,박재홍,,,,71845,92809,74846,92207,75847,78813,71857,71848,96362,,,,,,,,,,,,,,,,,,20090409,HT,SK,KIA,SSG,무등,권영철,7,7,-1,20090409SKHT0
,채병용,장성호,71845,96610,0,타격,안타,안타,장성호 : 우익수 앞 1루타;,3,2,2,1,말,0,0,0,0,좌,우,,,,채병용,박경완,박정권,안경현,최정,모창민,박재상,조동화,박재홍,,,,71845,92809,74846,92207,75847,78813,71857,71848,96362,,,,,,,,,,,,,,,,,,20090409,HT,SK,KIA,SSG,무등,권영철,7,8,-1,20090409SKHT0
,채병용,최희섭,71845,77623,0,볼,,,,0,0,2,1,말,0,0,0,0,좌,우,장성호,,,채병용,박경완,박정권,안경현,최정,모창민,박재상,조동화,박재홍,96610.0,,,71845,92809,74846,92207,75847,78813,71857,71848,96362,,,,,,,,,,,,,,,,,,20090409,HT,SK,KIA,SSG,무등,권영철,8,1,-1,20090409SKHT0
,채병용,최희섭,71845,77623,0,스트라이크,,,,1,0,2,1,말,0,0,0,0,좌,우,장성호,,,채병용,박경완,박정권,안경현,최정,모창민,박재상,조동화,박재홍,96610.0,,,71845,92809,74846,92207,75847,78813,71857,71848,96362,,,,,,,,,,,,,,,,,,20090409,HT,SK,KIA,SSG,무등,권영철,8,2,-1,20090409SKHT0
,채병용,최희섭,71845,77623,0,파울,,,,1,1,2,1,말,0,0,0,0,좌,우,장성호,,,채병용,박경완,박정권,안경현,최정,모창민,박재상,조동화,박재홍,96610.0,,,71845,92809,74846,92207,75847,78813,71857,71848,96362,,,,,,,,,,,,,,,,,,20090409,HT,SK,KIA,SSG,무등,권영철,8,3,-1,20090409SKHT0
,채병용,최희섭,71845,77623,0,헛스윙,삼진,삼진,최희섭 :  삼진 아웃;,1,2,2,1,말,0,0,0,0,좌,우,장성호,,,채병용,박경완,박정권,안경현,최정,모창민,박재상,조동화,박재홍,96610.0,,,71845,92809,74846,92207,75847,78813,71857,71848,96362,,,,,,,,,,,,,,,,,,20090409,HT,SK,KIA,SSG,무등,권영철,8,4,-1,20090409SKHT0
,곽정철,박정권,75668,74846,0,볼,,,,0,0,0,2,초,0,0,0,0,좌,우,,,,곽정철,김상훈,최희섭,김종국,안치홍,이현곤,나지완,김원섭,이종범,,,,75668,70612,77623,96616,79608,72606,78629,71207,93607,,,,,,,,,,,,,,,,,,20090409,HT,SK,KIA,SSG,무등,권영철,9,1,-1,20090409SKHT0
,곽정철,박정권,75668,74846,0,스트라이크,,,,1,0,0,2,초,0,0,0,0,좌,우,,,,곽정철,김상훈,최희섭,김종국,안치홍,이현곤,나지완,김원섭,이종범,,,,75668,70612,77623,96616,79608,72606,78629,71207,93607,,,,,,,,,,,,,,,,,,20090409,HT,SK,KIA,SSG,무등,권영철,9,2,-1,20090409SKHT0
,곽정철,박정권,75668,74846,0,스트라이크,,,,1,1,0,2,초,0,0,0,0,좌,우,,,,곽정철,김상훈,최희섭,김종국,안치홍,이현곤,나지완,김원섭,이종범,,,,75668,70612,77623,96616,79608,72606,78629,71207,93607,,,,,,,,,,,,,,,,,,20090409,HT,SK,KIA,SSG,무등,권영철,9,3,-1,20090409SKHT0
,곽정철,박정권,75668,74846,0,타격,포스 아웃,땅볼 아웃,박정권 : 투수 땅볼 아웃 (투수->1루수 송구아웃);,1,2,0,2,초,0,0,1,0,좌,우,,,,곽정철,김상훈,최희섭,김종국,안치홍,이현곤,나지완,김원섭,이종범,,,,75668,70612,77623,96616,79608,72606,78629,71207,93607,,,,,,,,,,,,,,,,,,20090409,HT,SK,KIA,SSG,무등,권영철,9,4,-1,20090409SKHT0
,곽정철,안경현,75668,92207,0,타격,안타,안타,안경현 : 중견수 오른쪽 1루타;,0,0,1,2,초,0,0,0,0,우,우,,,,곽정철,김상훈,최희섭,김종국,안치홍,이현곤,나지완,김원섭,이종범,,,,75668,70612,77623,96616,79608,72606,78629,71207,93607,,,,,,,,,,,,,,,,,,20090409,HT,SK,KIA,SSG,무등,권영철,10,1,-1,20090409SKHT0
,곽정철,최정,75668,75847,0,파울,,,,0,0,1,2,초,0,0,0,0,우,우,안경현,,,곽정철,김상훈,최희섭,김종국,안치홍,이현곤,나지완,김원섭,이종범,92207.0,,,75668,70612,77623,96616,79608,72606,78629,71207,93607,,,,,,,,,,,,,,,,,,20090409,HT,SK,KIA,SSG,무등,권영철,11,1,-1,20090409SKHT0
,곽정철,최정,75668,75847,0,볼,,,,0,1,1,2,초,0,0,0,0,우,우,안경현,,,곽정철,김상훈,최희섭,김종국,안치홍,이현곤,나지완,김원섭,이종범,92207.0,,,75668,70612,77623,96616,79608,72606,78629,71207,93607,,,,,,,,,,,,,,,,,,20090409,HT,SK,KIA,SSG,무등,권영철,11,2,-1,20090409SKHT0
,곽정철,최정,75668,75847,0,스트라이크,,,,1,1,1,2,초,0,0,0,0,우,우,안경현,,,곽정철,김상훈,최희섭,김종국,안치홍,이현곤,나지완,김원섭,이종범,92207.0,,,75668,70612,77623,96616,79608,72606,78629,71207,93607,,,,,,,,,,,,,,,,,,20090409,HT,SK,KIA,SSG,무등,권영철,11,3,-1,20090409SKHT0
,곽정철,최정,75668,75847,0,헛스윙,삼진,삼진,최정 :  삼진 아웃;,1,2,1,2,초,0,0,0,0,우,우,안경현,,,곽정철,김상훈,최희섭,김종국,안치홍,이현곤,나지완,김원섭,이종범,92207.0,,,75668,70612,77623,96616,79608,72606,78629,71207,93607,,,,,,,,,,,,,,,,,,20090409,HT,SK,KIA,SSG,무등,권영철,11,4,-1,20090409SKHT0
,곽정철,박경완,75668,92809,0,볼,,,,0,0,2,2,초,0,0,0,0,우,우,안경현,,,곽정철,김상훈,최희섭,김종국,안치홍,이현곤,나지완,김원섭,이종범,92207.0,,,75668,70612,77623,96616,79608,72606,78629,71207,93607,,,,,,,,,,,,,,,,,,20090409,HT,SK,KIA,SSG,무등,권영철,12,1,-1,20090409SKHT0
,곽정철,박경완,75668,92809,0,볼,,,,1,0,2,2,초,0,0,0,0,우,우,안경현,,,곽정철,김상훈,최희섭,김종국,안치홍,이현곤,나지완,김원섭,이종범,92207.0,,,75668,70612,77623,96616,79608,72606,78629,71207,93607,,,,,,,,,,,,,,,,,,20090409,HT,SK,KIA,SSG,무등,권영철,12,2,-1,20090409SKHT0
,곽정철,박경완,75668,92809,0,헛스윙,,,,2,0,2,2,초,0,0,0,0,우,우,안경현,,,곽정철,김상훈,최희섭,김종국,안치홍,이현곤,나지완,김원섭,이종범,92207.0,,,75668,70612,77623,96616,79608,72606,78629,71207,93607,,,,,,,,,,,,,,,,,,20090409,HT,SK,KIA,SSG,무등,권영철,12,3,-1,20090409SKHT0
,곽정철,박경완,75668,92809,0,파울,,,,2,1,2,2,초,0,0,0,0,우,우,안경현,,,곽정철,김상훈,최희섭,김종국,안치홍,이현곤,나지완,김원섭,이종범,92207.0,,,75668,70612,77623,96616,79608,72606,78629,71207,93607,,,,,,,,,,,,,,,,,,20090409,HT,SK,KIA,SSG,무등,권영철,12,4,-1,20090409SKHT0
,곽정철,박경완,75668,92809,0,헛스윙,삼진,삼진,박경완 :  삼진 아웃;,2,2,2,2,초,0,0,0,0,우,우,안경현,,,곽정철,김상훈,최희섭,김종국,안치홍,이현곤,나지완,김원섭,이종범,92207.0,,,75668,70612,77623,96616,79608,72606,78629,71207,93607,,,,,,,,,,,,,,,,,,20090409,HT,SK,KIA,SSG,무등,권영철,12,5,-1,20090409SKHT0
,채병용,나지완,71845,78629,0,스트라이크,,,,0,0,0,2,말,0,0,0,0,우,우,,,,채병용,박경완,박정권,안경현,최정,모창민,박재상,조동화,박재홍,,,,71845,92809,74846,92207,75847,78813,71857,71848,96362,,,,,,,,,,,,,,,,,,20090409,HT,SK,KIA,SSG,무등,권영철,13,1,-1,20090409SKHT0
,채병용,나지완,71845,78629,0,볼,,,,0,1,0,2,말,0,0,0,0,우,우,,,,채병용,박경완,박정권,안경현,최정,모창민,박재상,조동화,박재홍,,,,71845,92809,74846,92207,75847,78813,71857,71848,96362,,,,,,,,,,,,,,,,,,20090409,HT,SK,KIA,SSG,무등,권영철,13,2,-1,20090409SKHT0
,채병용,나지완,71845,78629,0,볼,,,,1,1,0,2,말,0,0,0,0,우,우,,,,채병용,박경완,박정권,안경현,최정,모창민,박재상,조동화,박재홍,,,,71845,92809,74846,92207,75847,78813,71857,71848,96362,,,,,,,,,,,,,,,,,,20090409,HT,SK,KIA,SSG,무등,권영철,13,3,-1,20090409SKHT0
,채병용,나지완,71845,78629,0,타격,안타,안타,나지완 : 좌익수 앞 1루타;,2,1,0,2,말,0,0,0,0,우,우,,,,채병용,박경완,박정권,안경현,최정,모창민,박재상,조동화,박재홍,,,,71845,92809,74846,92207,75847,78813,71857,71848,96362,,,,,,,,,,,,,,,,,,20090409,HT,SK,KIA,SSG,무등,권영철,13,4,-1,20090409SKHT0
,채병용,안치홍,71845,79608,0,볼,,,,0,0,0,2,말,0,0,0,0,우,우,나지완,,,채병용,박경완,박정권,안경현,최정,모창민,박재상,조동화,박재홍,78629.0,,,71845,92809,74846,92207,75847,78813,71857,71848,96362,,,,,,,,,,,,,,,,,,20090409,HT,SK,KIA,SSG,무등,권영철,14,1,-1,20090409SKHT0
,채병용,안치홍,71845,79608,0,볼,,,,1,0,0,2,말,0,0,0,0,우,우,나지완,,,채병용,박경완,박정권,안경현,최정,모창민,박재상,조동화,박재홍,78629.0,,,71845,92809,74846,92207,75847,78813,71857,71848,96362,,,,,,,,,,,,,,,,,,20090409,HT,SK,KIA,SSG,무등,권영철,14,2,-1,20090409SKHT0
,채병용,안치홍,71845,79608,0,스트라이크,,,,2,0,0,2,말,0,0,0,0,우,우,나지완,,,채병용,박경완,박정권,안경현,최정,모창민,박재상,조동화,박재홍,78629.0,,,71845,92809,74846,92207,75847,78813,71857,71848,96362,,,,,,,,,,,,,,,,,,20090409,HT,SK,KIA,SSG,무등,권영철,14,3,-1,20090409SKHT0
,채병용,안치홍,71845,79608,0,타격,필드 아웃,플라이 아웃,안치홍 : 중견수 플라이 아웃;,2,1,0,2,말,0,0,1,0,우,우,나지완,,,채병용,박경완,박정권,안경현,최정,모창민,박재상,조동화,박재홍,78629.0,,,71845,92809,74846,92207,75847,78813,71857,71848,96362,,,,,,,,,,,,,,,,,,20090409,HT,SK,KIA,SSG,무등,권영철,14,4,-1,20090409SKHT0
,채병용,이현곤,71845,72606,0,볼,,,,0,0,1,2,말,0,0,0,0,우,우,나지완,,,채병용,박경완,박정권,안경현,최정,모창민,박재상,조동화,박재홍,78629.0,,,71845,92809,74846,92207,75847,78813,71857,71848,96362,,,,,,,,,,,,,,,,,,20090409,HT,SK,KIA,SSG,무등,권영철,15,1,-1,20090409SKHT0
,채병용,이현곤,71845,72606,0,볼,,,,1,0,1,2,말,0,0,0,0,우,우,나지완,,,채병용,박경완,박정권,안경현,최정,모창민,박재상,조동화,박재홍,78629.0,,,71845,92809,74846,92207,75847,78813,71857,71848,96362,,,,,,,,,,,,,,,,,,20090409,HT,SK,KIA,SSG,무등,권영철,15,2,-1,20090409SKHT0
,채병용,이현곤,71845,72606,0,스트라이크,,,,2,0,1,2,말,0,0,0,0,우,우,나지완,,,채병용,박경완,박정권,안경현,최정,모창민,박재상,조동화,박재홍,78629.0,,,71845,92809,74846,92207,75847,78813,71857,71848,96362,,,,,,,,,,,,,,,,,,20090409,HT,SK,KIA,SSG,무등,권영철,15,3,-1,20090409SKHT0
,채병용,이현곤,71845,72606,0,스트라이크,,,,2,1,1,2,말,0,0,0,0,우,우,나지완,,,채병용,박경완,박정권,안경현,최정,모창민,박재상,조동화,박재홍,78629.0,,,71845,92809,74846,92207,75847,78813,71857,71848,96362,,,,,,,,,,,,,,,,,,20090409,HT,SK,KIA,SSG,무등,권영철,15,4,-1,20090409SKHT0
,채병용,이현곤,71845,72606,0,볼,,,,2,2,1,2,말,0,0,0,0,우,우,나지완,,,채병용,박경완,박정권,안경현,최정,모창민,박재상,조동화,박재홍,78629.0,,,71845,92809,74846,92207,75847,78813,71857,71848,96362,,,,,,,,,,,,,,,,,,20090409,HT,SK,KIA,SSG,무등,권영철,15,5,-1,20090409SKHT0
,채병용,이현곤,71845,72606,0,파울,,,,3,2,1,2,말,0,0,0,0,우,우,나지완,,,채병용,박경완,박정권,안경현,최정,모창민,박재상,조동화,박재홍,78629.0,,,71845,92809,74846,92207,75847,78813,71857,71848,96362,,,,,,,,,,,,,,,,,,20090409,HT,SK,KIA,SSG,무등,권영철,15,6,-1,20090409SKHT0
,채병용,이현곤,71845,72606,0,파울,,,,3,2,1,2,말,0,0,0,0,우,우,나지완,,,채병용,박경완,박정권,안경현,최정,모창민,박재상,조동화,박재홍,78629.0,,,71845,92809,74846,92207,75847,78813,71857,71848,96362,,,,,,,,,,,,,,,,,,20090409,HT,SK,KIA,SSG,무등,권영철,15,7,-1,20090409SKHT0
,채병용,이현곤,71845,72606,0,파울,,,,3,2,1,2,말,0,0,0,0,우,우,나지완,,,채병용,박경완,박정권,안경현,최정,모창민,박재상,조동화,박재홍,78629.0,,,71845,92809,74846,92207,75847,78813,71857,71848,96362,,,,,,,,,,,,,,,,,,20090409,HT,SK,KIA,SSG,무등,권영철,15,8,-1,20090409SKHT0
,채병용,이현곤,71845,72606,0,헛스윙,삼진,삼진,이현곤 :  삼진 아웃; 1루주자 나지완 :  도루로 2루까지 진루;,3,2,1,2,말,0,0,0,0,우,우,나지완,,,채병용,박경완,박정권,안경현,최정,모창민,박재상,조동화,박재홍,78629.0,,,71845,92809,74846,92207,75847,78813,71857,71848,96362,,,,,,,,,,,,,,,,,,20090409,HT,SK,KIA,SSG,무등,권영철,15,9,-1,20090409SKHT0
,채병용,김상훈,71845,70612,0,볼,,,,0,0,2,2,말,0,0,0,0,우,우,,나지완,,채병용,박경완,박정권,안경현,최정,모창민,박재상,조동화,박재홍,,78629.0,,71845,92809,74846,92207,75847,78813,71857,71848,96362,,,,,,,,,,,,,,,,,,20090409,HT,SK,KIA,SSG,무등,권영철,16,1,-1,20090409SKHT0
,채병용,김상훈,71845,70612,0,스트라이크,,,,1,0,2,2,말,0,0,0,0,우,우,,나지완,,채병용,박경완,박정권,안경현,최정,모창민,박재상,조동화,박재홍,,78629.0,,71845,92809,74846,92207,75847,78813,71857,71848,96362,,,,,,,,,,,,,,,,,,20090409,HT,SK,KIA,SSG,무등,권영철,16,2,-1,20090409SKHT0
,채병용,김상훈,71845,70612,0,볼,,,,1,1,2,2,말,0,0,0,0,우,우,,나지완,,채병용,박경완,박정권,안경현,최정,모창민,박재상,조동화,박재홍,,78629.0,,71845,92809,74846,92207,75847,78813,71857,71848,96362,,,,,,,,,,,,,,,,,,20090409,HT,SK,KIA,SSG,무등,권영철,16,3,-1,20090409SKHT0
,채병용,김상훈,71845,70612,0,볼,,,,2,1,2,2,말,0,0,0,0,우,우,,나지완,,채병용,박경완,박정권,안경현,최정,모창민,박재상,조동화,박재홍,,78629.0,,71845,92809,74846,92207,75847,78813,71857,71848,96362,,,,,,,,,,,,,,,,,,20090409,HT,SK,KIA,SSG,무등,권영철,16,4,-1,20090409SKHT0
,채병용,김상훈,71845,70612,0,볼,볼넷,볼넷,김상훈 :  볼넷;,3,1,2,2,말,0,0,0,0,우,우,,나지완,,채병용,박경완,박정권,안경현,최정,모창민,박재상,조동화,박재홍,,78629.0,,71845,92809,74846,92207,75847,78813,71857,71848,96362,,,,,,,,,,,,,,,,,,20090409,HT,SK,KIA,SSG,무등,권영철,16,5,-1,20090409SKHT0
,채병용,김종국,71845,96616,0,볼,,,,0,0,2,2,말,0,0,0,0,우,우,김상훈,나지완,,채병용,박경완,박정권,안경현,최정,모창민,박재상,조동화,박재홍,70612.0,78629.0,,71845,92809,74846,92207,75847,78813,71857,71848,96362,,,,,,,,,,,,,,,,,,20090409,HT,SK,KIA,SSG,무등,권영철,17,1,-1,20090409SKHT0
,채병용,김종국,71845,96616,0,스트라이크,,,,1,0,2,2,말,0,0,0,0,우,우,김상훈,나지완,,채병용,박경완,박정권,안경현,최정,모창민,박재상,조동화,박재홍,70612.0,78629.0,,71845,92809,74846,92207,75847,78813,71857,71848,96362,,,,,,,,,,,,,,,,,,20090409,HT,SK,KIA,SSG,무등,권영철,17,2,-1,20090409SKHT0
,채병용,김종국,71845,96616,0,볼,,,,1,1,2,2,말,0,0,0,0,우,우,김상훈,나지완,,채병용,박경완,박정권,안경현,최정,모창민,박재상,조동화,박재홍,70612.0,78629.0,,71845,92809,74846,92207,75847,78813,71857,71848,96362,,,,,,,,,,,,,,,,,,20090409,HT,SK,KIA,SSG,무등,권영철,17,3,-1,20090409SKHT0
,채병용,김종국,71845,96616,0,헛스윙,,,,2,1,2,2,말,0,0,0,0,우,우,김상훈,나지완,,채병용,박경완,박정권,안경현,최정,모창민,박재상,조동화,박재홍,70612.0,78629.0,,71845,92809,74846,92207,75847,78813,71857,71848,96362,,,,,,,,,,,,,,,,,,20090409,HT,SK,KIA,SSG,무등,권영철,17,4,-1,20090409SKHT0
,채병용,김종국,71845,96616,0,스트라이크,삼진,삼진,김종국 :  삼진 아웃;,2,2,2,2,말,0,0,0,0,우,우,김상훈,나지완,,채병용,박경완,박정권,안경현,최정,모창민,박재상,조동화,박재홍,70612.0,78629.0,,71845,92809,74846,92207,75847,78813,71857,71848,96362,,,,,,,,,,,,,,,,,,20090409,HT,SK,KIA,SSG,무등,권영철,17,5,-1,20090409SKHT0
,곽정철,모창민,75668,78813,0,볼,,,,0,0,0,3,초,0,0,0,0,우,우,,,,곽정철,김상훈,최희섭,김종국,안치홍,이현곤,나지완,김원섭,이종범,,,,75668,70612,77623,96616,79608,72606,78629,71207,93607,,,,,,,,,,,,,,,,,,20090409,HT,SK,KIA,SSG,무등,권영철,18,1,-1,20090409SKHT0
,곽정철,모창민,75668,78813,0,스트라이크,,,,1,0,0,3,초,0,0,0,0,우,우,,,,곽정철,김상훈,최희섭,김종국,안치홍,이현곤,나지완,김원섭,이종범,,,,75668,70612,77623,96616,79608,72606,78629,71207,93607,,,,,,,,,,,,,,,,,,20090409,HT,SK,KIA,SSG,무등,권영철,18,2,-1,20090409SKHT0
,곽정철,모창민,75668,78813,0,타격,필드 아웃,플라이 아웃,모창민 : 중견수 플라이 아웃;,1,1,0,3,초,0,0,1,0,우,우,,,,곽정철,김상훈,최희섭,김종국,안치홍,이현곤,나지완,김원섭,이종범,,,,75668,70612,77623,96616,79608,72606,78629,71207,93607,,,,,,,,,,,,,,,,,,20090409,HT,SK,KIA,SSG,무등,권영철,18,3,-1,20090409SKHT0
,곽정철,박재상,75668,71857,0,파울,,,,0,0,1,3,초,0,0,0,0,좌,우,,,,곽정철,김상훈,최희섭,김종국,안치홍,이현곤,나지완,김원섭,이종범,,,,75668,70612,77623,96616,79608,72606,78629,71207,93607,,,,,,,,,,,,,,,,,,20090409,HT,SK,KIA,SSG,무등,권영철,19,1,-1,20090409SKHT0
,곽정철,박재상,75668,71857,0,타격,2루타,2루타,박재상 : 좌중간 2루타;,0,1,1,3,초,0,0,0,0,좌,우,,,,곽정철,김상훈,최희섭,김종국,안치홍,이현곤,나지완,김원섭,이종범,,,,75668,70612,77623,96616,79608,72606,78629,71207,93607,,,,,,,,,,,,,,,,,,20090409,HT,SK,KIA,SSG,무등,권영철,19,2,-1,20090409SKHT0
,곽정철,조동화,75668,71848,0,볼,,,,0,0,1,3,초,0,0,0,0,좌,우,,박재상,,곽정철,김상훈,최희섭,김종국,안치홍,이현곤,나지완,김원섭,이종범,,71857.0,,75668,70612,77623,96616,79608,72606,78629,71207,93607,,,,,,,,,,,,,,,,,,20090409,HT,SK,KIA,SSG,무등,권영철,20,1,-1,20090409SKHT0
,곽정철,조동화,75668,71848,0,헛스윙,,,,1,0,1,3,초,0,0,0,0,좌,우,,박재상,,곽정철,김상훈,최희섭,김종국,안치홍,이현곤,나지완,김원섭,이종범,,71857.0,,75668,70612,77623,96616,79608,72606,78629,71207,93607,,,,,,,,,,,,,,,,,,20090409,HT,SK,KIA,SSG,무등,권영철,20,2,-1,20090409SKHT0
,곽정철,조동화,75668,71848,0,스트라이크,,,,1,1,1,3,초,0,0,0,0,좌,우,,박재상,,곽정철,김상훈,최희섭,김종국,안치홍,이현곤,나지완,김원섭,이종범,,71857.0,,75668,70612,77623,96616,79608,72606,78629,71207,93607,,,,,,,,,,,,,,,,,,20090409,HT,SK,KIA,SSG,무등,권영철,20,3,-1,20090409SKHT0
,곽정철,조동화,75668,71848,0,타격,필드 아웃,플라이 아웃,조동화 : 우익수 플라이 아웃;,1,2,1,3,초,0,0,1,0,좌,우,,박재상,,곽정철,김상훈,최희섭,김종국,안치홍,이현곤,나지완,김원섭,이종범,,71857.0,,75668,70612,77623,96616,79608,72606,78629,71207,93607,,,,,,,,,,,,,,,,,,20090409,HT,SK,KIA,SSG,무등,권영철,20,4,-1,20090409SKHT0
,곽정철,김재현,75668,94107,0,볼,,,,0,0,2,3,초,0,0,0,0,좌,우,,박재상,,곽정철,김상훈,최희섭,김종국,안치홍,이현곤,나지완,김원섭,이종범,,71857.0,,75668,70612,77623,96616,79608,72606,78629,71207,93607,,,,,,,,,,,,,,,,,,20090409,HT,SK,KIA,SSG,무등,권영철,21,1,-1,20090409SKHT0
,곽정철,김재현,75668,94107,0,볼,,,,1,0,2,3,초,0,0,0,0,좌,우,,박재상,,곽정철,김상훈,최희섭,김종국,안치홍,이현곤,나지완,김원섭,이종범,,71857.0,,75668,70612,77623,96616,79608,72606,78629,71207,93607,,,,,,,,,,,,,,,,,,20090409,HT,SK,KIA,SSG,무등,권영철,21,2,-1,20090409SKHT0
,곽정철,김재현,75668,94107,0,스트라이크,,,,2,0,2,3,초,0,0,0,0,좌,우,,박재상,,곽정철,김상훈,최희섭,김종국,안치홍,이현곤,나지완,김원섭,이종범,,71857.0,,75668,70612,77623,96616,79608,72606,78629,71207,93607,,,,,,,,,,,,,,,,,,20090409,HT,SK,KIA,SSG,무등,권영철,21,3,-1,20090409SKHT0
,곽정철,김재현,75668,94107,0,타격,필드 아웃,파울 플라이 아웃,김재현 : 3루수 파울플라이 아웃;,2,1,2,3,초,0,0,1,0,좌,우,,박재상,,곽정철,김상훈,최희섭,김종국,안치홍,이현곤,나지완,김원섭,이종범,,71857.0,,75668,70612,77623,96616,79608,72606,78629,71207,93607,,,,,,,,,,,,,,,,,,20090409,HT,SK,KIA,SSG,무등,권영철,21,4,-1,20090409SKHT0
,채병용,이종범,71845,93607,0,볼,,,,0,0,0,3,말,0,0,0,0,우,우,,,,채병용,박경완,박정권,안경현,최정,모창민,박재상,조동화,박재홍,,,,71845,92809,74846,92207,75847,78813,71857,71848,96362,,,,,,,,,,,,,,,,,,20090409,HT,SK,KIA,SSG,무등,권영철,22,1,-1,20090409SKHT0
,채병용,이종범,71845,93607,0,스트라이크,,,,1,0,0,3,말,0,0,0,0,우,우,,,,채병용,박경완,박정권,안경현,최정,모창민,박재상,조동화,박재홍,,,,71845,92809,74846,92207,75847,78813,71857,71848,96362,,,,,,,,,,,,,,,,,,20090409,HT,SK,KIA,SSG,무등,권영철,22,2,-1,20090409SKHT0
,채병용,이종범,71845,93607,0,헛스윙,,,,1,1,0,3,말,0,0,0,0,우,우,,,,채병용,박경완,박정권,안경현,최정,모창민,박재상,조동화,박재홍,,,,71845,92809,74846,92207,75847,78813,71857,71848,96362,,,,,,,,,,,,,,,,,,20090409,HT,SK,KIA,SSG,무등,권영철,22,3,-1,20090409SKHT0
,채병용,이종범,71845,93607,0,볼,,,,1,2,0,3,말,0,0,0,0,우,우,,,,채병용,박경완,박정권,안경현,최정,모창민,박재상,조동화,박재홍,,,,71845,92809,74846,92207,75847,78813,71857,71848,96362,,,,,,,,,,,,,,,,,,20090409,HT,SK,KIA,SSG,무등,권영철,22,4,-1,20090409SKHT0
,채병용,이종범,71845,93607,0,볼,,,,2,2,0,3,말,0,0,0,0,우,우,,,,채병용,박경완,박정권,안경현,최정,모창민,박재상,조동화,박재홍,,,,71845,92809,74846,92207,75847,78813,71857,71848,96362,,,,,,,,,,,,,,,,,,20090409,HT,SK,KIA,SSG,무등,권영철,22,5,-1,20090409SKHT0
,채병용,이종범,71845,93607,0,타격,필드 아웃,플라이 아웃,이종범 : 중견수 플라이 아웃;,3,2,0,3,말,0,0,1,0,우,우,,,,채병용,박경완,박정권,안경현,최정,모창민,박재상,조동화,박재홍,,,,71845,92809,74846,92207,75847,78813,71857,71848,96362,,,,,,,,,,,,,,,,,,20090409,HT,SK,KIA,SSG,무등,권영철,22,6,-1,20090409SKHT0
,채병용,김원섭,71845,71207,0,타격,안타,안타,김원섭 : 좌익수 앞 1루타;,0,0,1,3,말,0,0,0,0,좌,우,,,,채병용,박경완,박정권,안경현,최정,모창민,박재상,조동화,박재홍,,,,71845,92809,74846,92207,75847,78813,71857,71848,96362,,,,,,,,,,,,,,,,,,20090409,HT,SK,KIA,SSG,무등,권영철,23,1,-1,20090409SKHT0
,채병용,장성호,71845,96610,0,스트라이크,,,,0,0,1,3,말,0,0,0,0,좌,우,김원섭,,,채병용,박경완,박정권,안경현,최정,모창민,박재상,조동화,박재홍,71207.0,,,71845,92809,74846,92207,75847,78813,71857,71848,96362,,,,,,,,,,,,,,,,,,20090409,HT,SK,KIA,SSG,무등,권영철,24,1,-1,20090409SKHT0
,채병용,장성호,71845,96610,0,헛스윙,,,,0,1,1,3,말,0,0,0,0,좌,우,김원섭,,,채병용,박경완,박정권,안경현,최정,모창민,박재상,조동화,박재홍,71207.0,,,71845,92809,74846,92207,75847,78813,71857,71848,96362,,,,,,,,,,,,,,,,,,20090409,HT,SK,KIA,SSG,무등,권영철,24,2,-1,20090409SKHT0
,채병용,장성호,71845,96610,0,스트라이크,삼진,삼진,장성호 :  삼진 아웃;,0,2,1,3,말,0,0,0,0,좌,우,김원섭,,,채병용,박경완,박정권,안경현,최정,모창민,박재상,조동화,박재홍,71207.0,,,71845,92809,74846,92207,75847,78813,71857,71848,96362,,,,,,,,,,,,,,,,,,20090409,HT,SK,KIA,SSG,무등,권영철,24,3,-1,20090409SKHT0
,채병용,최희섭,71845,77623,0,타격,내야안타,내야안타,최희섭 : 2루수 앞 내야안타; 1루주자 최희섭 : 1루수 실책으로  2루까지 진루(2루수->1루수 실책); 1루주자 김원섭 :   2루까지 진루; 2루주자 김원섭 :  실책으로  3루까지 진루;,0,0,2,3,말,0,0,0,0,좌,우,김원섭,,,채병용,박경완,박정권,안경현,최정,모창민,박재상,조동화,박재홍,71207.0,,,71845,92809,74846,92207,75847,78813,71857,71848,96362,,,,,,,,,,,,,,,,,,20090409,HT,SK,KIA,SSG,무등,권영철,25,1,-1,20090409SKHT0
,채병용,나지완,71845,78629,0,파울,,,,0,0,2,3,말,0,0,0,0,우,우,,최희섭,김원섭,채병용,박경완,박정권,안경현,최정,모창민,박재상,조동화,박재홍,,77623.0,71207.0,71845,92809,74846,92207,75847,78813,71857,71848,96362,,,,,,,,,,,,,,,,,,20090409,HT,SK,KIA,SSG,무등,권영철,26,1,-1,20090409SKHT0
,채병용,나지완,71845,78629,0,볼,,,,0,1,2,3,말,0,0,0,0,우,우,,최희섭,김원섭,채병용,박경완,박정권,안경현,최정,모창민,박재상,조동화,박재홍,,77623.0,71207.0,71845,92809,74846,92207,75847,78813,71857,71848,96362,,,,,,,,,,,,,,,,,,20090409,HT,SK,KIA,SSG,무등,권영철,26,2,-1,20090409SKHT0
,채병용,나지완,71845,78629,0,스트라이크,,,,1,1,2,3,말,0,0,0,0,우,우,,최희섭,김원섭,채병용,박경완,박정권,안경현,최정,모창민,박재상,조동화,박재홍,,77623.0,71207.0,71845,92809,74846,92207,75847,78813,71857,71848,96362,,,,,,,,,,,,,,,,,,20090409,HT,SK,KIA,SSG,무등,권영철,26,3,-1,20090409SKHT0
,채병용,나지완,71845,78629,0,헛스윙,삼진,삼진,나지완 :  삼진 아웃;,1,2,2,3,말,0,0,0,0,우,우,,최희섭,김원섭,채병용,박경완,박정권,안경현,최정,모창민,박재상,조동화,박재홍,,77623.0,71207.0,71845,92809,74846,92207,75847,78813,71857,71848,96362,,,,,,,,,,,,,,,,,,20090409,HT,SK,KIA,SSG,무등,권영철,26,4,-1,20090409SKHT0
,곽정철,박재홍,75668,96362,0,볼,,,,0,0,0,4,초,0,0,0,0,우,우,,,,곽정철,김상훈,최희섭,김종국,안치홍,이현곤,나지완,김원섭,이종범,,,,75668,70612,77623,96616,79608,72606,78629,71207,93607,,,,,,,,,,,,,,,,,,20090409,HT,SK,KIA,SSG,무등,권영철,27,1,-1,20090409SKHT0
,곽정철,박재홍,75668,96362,0,볼,,,,1,0,0,4,초,0,0,0,0,우,우,,,,곽정철,김상훈,최희섭,김종국,안치홍,이현곤,나지완,김원섭,이종범,,,,75668,70612,77623,96616,79608,72606,78629,71207,93607,,,,,,,,,,,,,,,,,,20090409,HT,SK,KIA,SSG,무등,권영철,27,2,-1,20090409SKHT0
,곽정철,박재홍,75668,96362,0,스트라이크,,,,2,0,0,4,초,0,0,0,0,우,우,,,,곽정철,김상훈,최희섭,김종국,안치홍,이현곤,나지완,김원섭,이종범,,,,75668,70612,77623,96616,79608,72606,78629,71207,93607,,,,,,,,,,,,,,,,,,20090409,HT,SK,KIA,SSG,무등,권영철,27,3,-1,20090409SKHT0
,곽정철,박재홍,75668,96362,0,헛스윙,,,,2,1,0,4,초,0,0,0,0,우,우,,,,곽정철,김상훈,최희섭,김종국,안치홍,이현곤,나지완,김원섭,이종범,,,,75668,70612,77623,96616,79608,72606,78629,71207,93607,,,,,,,,,,,,,,,,,,20090409,HT,SK,KIA,SSG,무등,권영철,27,4,-1,20090409SKHT0
,곽정철,박재홍,75668,96362,0,타격,포스 아웃,땅볼 아웃,박재홍 : 2루수 땅볼 아웃 (2루수->1루수 송구아웃);,2,2,0,4,초,0,0,1,0,우,우,,,,곽정철,김상훈,최희섭,김종국,안치홍,이현곤,나지완,김원섭,이종범,,,,75668,70612,77623,96616,79608,72606,78629,71207,93607,,,,,,,,,,,,,,,,,,20090409,HT,SK,KIA,SSG,무등,권영철,27,5,-1,20090409SKHT0
,곽정철,박정권,75668,74846,0,볼,,,,0,0,1,4,초,0,0,0,0,좌,우,,,,곽정철,김상훈,최희섭,김종국,안치홍,이현곤,나지완,김원섭,이종범,,,,75668,70612,77623,96616,79608,72606,78629,71207,93607,,,,,,,,,,,,,,,,,,20090409,HT,SK,KIA,SSG,무등,권영철,28,1,-1,20090409SKHT0
,곽정철,박정권,75668,74846,0,볼,,,,1,0,1,4,초,0,0,0,0,좌,우,,,,곽정철,김상훈,최희섭,김종국,안치홍,이현곤,나지완,김원섭,이종범,,,,75668,70612,77623,96616,79608,72606,78629,71207,93607,,,,,,,,,,,,,,,,,,20090409,HT,SK,KIA,SSG,무등,권영철,28,2,-1,20090409SKHT0
,곽정철,박정권,75668,74846,0,스트라이크,,,,2,0,1,4,초,0,0,0,0,좌,우,,,,곽정철,김상훈,최희섭,김종국,안치홍,이현곤,나지완,김원섭,이종범,,,,75668,70612,77623,96616,79608,72606,78629,71207,93607,,,,,,,,,,,,,,,,,,20090409,HT,SK,KIA,SSG,무등,권영철,28,3,-1,20090409SKHT0
,곽정철,박정권,75668,74846,0,볼,,,,2,1,1,4,초,0,0,0,0,좌,우,,,,곽정철,김상훈,최희섭,김종국,안치홍,이현곤,나지완,김원섭,이종범,,,,75668,70612,77623,96616,79608,72606,78629,71207,93607,,,,,,,,,,,,,,,,,,20090409,HT,SK,KIA,SSG,무등,권영철,28,4,-1,20090409SKHT0
,곽정철,박정권,75668,74846,0,타격,포스 아웃,땅볼 아웃,박정권 : 1루수 땅볼 아웃 (1루수->투수 송구아웃);,3,1,1,4,초,0,0,1,0,좌,우,,,,곽정철,김상훈,최희섭,김종국,안치홍,이현곤,나지완,김원섭,이종범,,,,75668,70612,77623,96616,79608,72606,78629,71207,93607,,,,,,,,,,,,,,,,,,20090409,HT,SK,KIA,SSG,무등,권영철,28,5,-1,20090409SKHT0
,곽정철,안경현,75668,92207,0,스트라이크,,,,0,0,2,4,초,0,0,0,0,우,우,,,,곽정철,김상훈,최희섭,김종국,안치홍,이현곤,나지완,김원섭,이종범,,,,75668,70612,77623,96616,79608,72606,78629,71207,93607,,,,,,,,,,,,,,,,,,20090409,HT,SK,KIA,SSG,무등,권영철,29,1,-1,20090409SKHT0
,곽정철,안경현,75668,92207,0,볼,,,,0,1,2,4,초,0,0,0,0,우,우,,,,곽정철,김상훈,최희섭,김종국,안치홍,이현곤,나지완,김원섭,이종범,,,,75668,70612,77623,96616,79608,72606,78629,71207,93607,,,,,,,,,,,,,,,,,,20090409,HT,SK,KIA,SSG,무등,권영철,29,2,-1,20090409SKHT0
,곽정철,안경현,75668,92207,0,타격,포스 아웃,땅볼 아웃,안경현 : 투수 땅볼 아웃 (투수->1루수 송구아웃);,1,1,2,4,초,0,0,1,0,우,우,,,,곽정철,김상훈,최희섭,김종국,안치홍,이현곤,나지완,김원섭,이종범,,,,75668,70612,77623,96616,79608,72606,78629,71207,93607,,,,,,,,,,,,,,,,,,20090409,HT,SK,KIA,SSG,무등,권영철,29,3,-1,20090409SKHT0
,채병용,안치홍,71845,79608,0,타격,2루타,2루타,안치홍 : 우익수 앞 2루타;,0,0,0,4,말,0,0,0,0,우,우,,,,채병용,박경완,박정권,안경현,최정,모창민,박재상,조동화,박재홍,,,,71845,92809,74846,92207,75847,78813,71857,71848,96362,,,,,,,,,,,,,,,,,,20090409,HT,SK,KIA,SSG,무등,권영철,30,1,-1,20090409SKHT0
,채병용,이현곤,71845,72606,0,번트파울,,,,0,0,0,4,말,0,0,0,0,우,우,,안치홍,,채병용,박경완,박정권,안경현,최정,모창민,박재상,조동화,박재홍,,79608.0,,71845,92809,74846,92207,75847,78813,71857,71848,96362,,,,,,,,,,,,,,,,,,20090409,HT,SK,KIA,SSG,무등,권영철,31,1,-1,20090409SKHT0
,채병용,이현곤,71845,72606,0,볼,,,,0,1,0,4,말,0,0,0,0,우,우,,안치홍,,채병용,박경완,박정권,안경현,최정,모창민,박재상,조동화,박재홍,,79608.0,,71845,92809,74846,92207,75847,78813,71857,71848,96362,,,,,,,,,,,,,,,,,,20090409,HT,SK,KIA,SSG,무등,권영철,31,2,-1,20090409SKHT0
,채병용,이현곤,71845,72606,0,파울,,,,1,1,0,4,말,0,0,0,0,우,우,,안치홍,,채병용,박경완,박정권,안경현,최정,모창민,박재상,조동화,박재홍,,79608.0,,71845,92809,74846,92207,75847,78813,71857,71848,96362,,,,,,,,,,,,,,,,,,20090409,HT,SK,KIA,SSG,무등,권영철,31,3,-1,20090409SKHT0
,채병용,이현곤,71845,72606,0,볼,,,,1,2,0,4,말,0,0,0,0,우,우,,안치홍,,채병용,박경완,박정권,안경현,최정,모창민,박재상,조동화,박재홍,,79608.0,,71845,92809,74846,92207,75847,78813,71857,71848,96362,,,,,,,,,,,,,,,,,,20090409,HT,SK,KIA,SSG,무등,권영철,31,4,-1,20090409SKHT0
,채병용,이현곤,71845,72606,0,타격,포스 아웃,땅볼 아웃,이현곤 : 3루수 땅볼 아웃 (3루수->1루수 송구아웃);,2,2,0,4,말,0,0,1,0,우,우,,안치홍,,채병용,박경완,박정권,안경현,최정,모창민,박재상,조동화,박재홍,,79608.0,,71845,92809,74846,92207,75847,78813,71857,71848,96362,,,,,,,,,,,,,,,,,,20090409,HT,SK,KIA,SSG,무등,권영철,31,5,-1,20090409SKHT0
,채병용,김상훈,71845,70612,0,볼,,,,0,0,1,4,말,0,0,0,0,우,우,,안치홍,,채병용,박경완,박정권,안경현,최정,모창민,박재상,조동화,박재홍,,79608.0,,71845,92809,74846,92207,75847,78813,71857,71848,96362,,,,,,,,,,,,,,,,,,20090409,HT,SK,KIA,SSG,무등,권영철,32,1,-1,20090409SKHT0
,채병용,김상훈,71845,70612,0,파울,,,,1,0,1,4,말,0,0,0,0,우,우,,안치홍,,채병용,박경완,박정권,안경현,최정,모창민,박재상,조동화,박재홍,,79608.0,,71845,92809,74846,92207,75847,78813,71857,71848,96362,,,,,,,,,,,,,,,,,,20090409,HT,SK,KIA,SSG,무등,권영철,32,2,-1,20090409SKHT0
,채병용,김상훈,71845,70612,0,파울,,,,1,1,1,4,말,0,0,0,0,우,우,,안치홍,,채병용,박경완,박정권,안경현,최정,모창민,박재상,조동화,박재홍,,79608.0,,71845,92809,74846,92207,75847,78813,71857,71848,96362,,,,,,,,,,,,,,,,,,20090409,HT,SK,KIA,SSG,무등,권영철,32,3,-1,20090409SKHT0
,채병용,김상훈,71845,70612,0,볼,,,,1,2,1,4,말,0,0,0,0,우,우,,안치홍,,채병용,박경완,박정권,안경현,최정,모창민,박재상,조동화,박재홍,,79608.0,,71845,92809,74846,92207,75847,78813,71857,71848,96362,,,,,,,,,,,,,,,,,,20090409,HT,SK,KIA,SSG,무등,권영철,32,4,-1,20090409SKHT0
,채병용,김상훈,71845,70612,0,헛스윙,삼진,삼진,김상훈 :  삼진 아웃;,2,2,1,4,말,0,0,0,0,우,우,,안치홍,,채병용,박경완,박정권,안경현,최정,모창민,박재상,조동화,박재홍,,79608.0,,71845,92809,74846,92207,75847,78813,71857,71848,96362,,,,,,,,,,,,,,,,,,20090409,HT,SK,KIA,SSG,무등,권영철,32,5,-1,20090409SKHT0
,채병용,김종국,71845,96616,0,볼,,,,0,0,2,4,말,0,0,0,0,우,우,,안치홍,,채병용,박경완,박정권,안경현,최정,모창민,박재상,조동화,박재홍,,79608.0,,71845,92809,74846,92207,75847,78813,71857,71848,96362,,,,,,,,,,,,,,,,,,20090409,HT,SK,KIA,SSG,무등,권영철,33,1,-1,20090409SKHT0
,채병용,김종국,71845,96616,0,타격,필드 아웃,플라이 아웃,김종국 : 중견수 플라이 아웃;,1,0,2,4,말,0,0,1,0,우,우,,안치홍,,채병용,박경완,박정권,안경현,최정,모창민,박재상,조동화,박재홍,,79608.0,,71845,92809,74846,92207,75847,78813,71857,71848,96362,,,,,,,,,,,,,,,,,,20090409,HT,SK,KIA,SSG,무등,권영철,33,2,-1,20090409SKHT0
,곽정철,최정,75668,75847,0,볼,,,,0,0,0,5,초,0,0,0,0,우,우,,,,곽정철,김상훈,최희섭,김종국,안치홍,이현곤,나지완,김원섭,이종범,,,,75668,70612,77623,96616,79608,72606,78629,71207,93607,,,,,,,,,,,,,,,,,,20090409,HT,SK,KIA,SSG,무등,권영철,34,1,-1,20090409SKHT0
,곽정철,최정,75668,75847,0,스트라이크,,,,1,0,0,5,초,0,0,0,0,우,우,,,,곽정철,김상훈,최희섭,김종국,안치홍,이현곤,나지완,김원섭,이종범,,,,75668,70612,77623,96616,79608,72606,78629,71207,93607,,,,,,,,,,,,,,,,,,20090409,HT,SK,KIA,SSG,무등,권영철,34,2,-1,20090409SKHT0
,곽정철,최정,75668,75847,0,파울,,,,1,1,0,5,초,0,0,0,0,우,우,,,,곽정철,김상훈,최희섭,김종국,안치홍,이현곤,나지완,김원섭,이종범,,,,75668,70612,77623,96616,79608,72606,78629,71207,93607,,,,,,,,,,,,,,,,,,20090409,HT,SK,KIA,SSG,무등,권영철,34,3,-1,20090409SKHT0
,곽정철,최정,75668,75847,0,볼,몸에 맞는 볼,몸에 맞는 볼,최정 : 몸에 맞은 볼;,1,2,0,5,초,0,0,0,0,우,우,,,,곽정철,김상훈,최희섭,김종국,안치홍,이현곤,나지완,김원섭,이종범,,,,75668,70612,77623,96616,79608,72606,78629,71207,93607,,,,,,,,,,,,,,,,,,20090409,HT,SK,KIA,SSG,무등,권영철,34,4,-1,20090409SKHT0
,곽정철,박경완,75668,92809,0,타격,희생번트,희생번트,박경완 : 투수 희생번트 아웃 (투수->1루수 송구아웃); 1루주자 최정 :   2루까지 진루;,0,0,0,5,초,0,0,1,0,우,우,최정,,,곽정철,김상훈,최희섭,김종국,안치홍,이현곤,나지완,김원섭,이종범,75847.0,,,75668,70612,77623,96616,79608,72606,78629,71207,93607,,,,,,,,,,,,,,,,,,20090409,HT,SK,KIA,SSG,무등,권영철,35,1,-1,20090409SKHT0
,곽정철,모창민,75668,78813,0,파울,,,,0,0,1,5,초,0,0,0,0,우,우,,최정,,곽정철,김상훈,최희섭,김종국,안치홍,이현곤,나지완,김원섭,이종범,,75847.0,,75668,70612,77623,96616,79608,72606,78629,71207,93607,,,,,,,,,,,,,,,,,,20090409,HT,SK,KIA,SSG,무등,권영철,36,1,-1,20090409SKHT0
,곽정철,모창민,75668,78813,0,타격,필드 아웃,플라이 아웃,모창민 : 우익수 플라이 아웃;,0,1,1,5,초,0,0,1,0,우,우,,최정,,곽정철,김상훈,최희섭,김종국,안치홍,이현곤,나지완,김원섭,이종범,,75847.0,,75668,70612,77623,96616,79608,72606,78629,71207,93607,,,,,,,,,,,,,,,,,,20090409,HT,SK,KIA,SSG,무등,권영철,36,2,-1,20090409SKHT0
,곽정철,박재상,75668,71857,0,스트라이크,,,,0,0,2,5,초,0,0,0,0,좌,우,,최정,,곽정철,김상훈,최희섭,김종국,안치홍,이현곤,나지완,김원섭,이종범,,75847.0,,75668,70612,77623,96616,79608,72606,78629,71207,93607,,,,,,,,,,,,,,,,,,20090409,HT,SK,KIA,SSG,무등,권영철,37,1,-1,20090409SKHT0
,곽정철,박재상,75668,71857,0,볼,,,,0,1,2,5,초,0,0,0,0,좌,우,,최정,,곽정철,김상훈,최희섭,김종국,안치홍,이현곤,나지완,김원섭,이종범,,75847.0,,75668,70612,77623,96616,79608,72606,78629,71207,93607,,,,,,,,,,,,,,,,,,20090409,HT,SK,KIA,SSG,무등,권영철,37,2,-1,20090409SKHT0
,곽정철,박재상,75668,71857,0,헛스윙,,,,1,1,2,5,초,0,0,0,0,좌,우,,최정,,곽정철,김상훈,최희섭,김종국,안치홍,이현곤,나지완,김원섭,이종범,,75847.0,,75668,70612,77623,96616,79608,72606,78629,71207,93607,,,,,,,,,,,,,,,,,,20090409,HT,SK,KIA,SSG,무등,권영철,37,3,-1,20090409SKHT0
,곽정철,박재상,75668,71857,0,볼,,,,1,2,2,5,초,0,0,0,0,좌,우,,최정,,곽정철,김상훈,최희섭,김종국,안치홍,이현곤,나지완,김원섭,이종범,,75847.0,,75668,70612,77623,96616,79608,72606,78629,71207,93607,,,,,,,,,,,,,,,,,,20090409,HT,SK,KIA,SSG,무등,권영철,37,4,-1,20090409SKHT0
,곽정철,박재상,75668,71857,0,타격,안타,안타,박재상 : 중견수 앞 1루타; 2루주자 최정 :  홈인;,2,2,2,5,초,0,0,0,1,좌,우,,최정,,곽정철,김상훈,최희섭,김종국,안치홍,이현곤,나지완,김원섭,이종범,,75847.0,,75668,70612,77623,96616,79608,72606,78629,71207,93607,,,,,,,,,,,,,,,,,,20090409,HT,SK,KIA,SSG,무등,권영철,37,5,-1,20090409SKHT0
,곽정철,조동화,75668,71848,0,볼,,,,0,0,2,5,초,1,0,0,0,좌,우,박재상,,,곽정철,김상훈,최희섭,김종국,안치홍,이현곤,나지완,김원섭,이종범,71857.0,,,75668,70612,77623,96616,79608,72606,78629,71207,93607,,,,,,,,,,,,,,,,,,20090409,HT,SK,KIA,SSG,무등,권영철,38,1,-1,20090409SKHT0
,곽정철,조동화,75668,71848,0,스트라이크,,,,1,0,2,5,초,1,0,0,0,좌,우,박재상,,,곽정철,김상훈,최희섭,김종국,안치홍,이현곤,나지완,김원섭,이종범,71857.0,,,75668,70612,77623,96616,79608,72606,78629,71207,93607,,,,,,,,,,,,,,,,,,20090409,HT,SK,KIA,SSG,무등,권영철,38,2,-1,20090409SKHT0
,곽정철,조동화,75668,71848,,,,,1루주자 박재상 :  도루로 2루까지 진루;,1,1,2,5,초,1,0,0,0,좌,우,박재상,,,곽정철,김상훈,최희섭,김종국,안치홍,이현곤,나지완,김원섭,이종범,71857.0,,,75668,70612,77623,96616,79608,72606,78629,71207,93607,,,,,,,,,,,,,,,,,,20090409,HT,SK,KIA,SSG,무등,권영철,38,,,20090409SKHT0
,곽정철,조동화,75668,71848,0,볼,,,,1,1,2,5,초,1,0,0,0,좌,우,,박재상,,곽정철,김상훈,최희섭,김종국,안치홍,이현곤,나지완,김원섭,이종범,,71857.0,,75668,70612,77623,96616,79608,72606,78629,71207,93607,,,,,,,,,,,,,,,,,,20090409,HT,SK,KIA,SSG,무등,권영철,38,3,-1,20090409SKHT0
,곽정철,조동화,75668,71848,0,스트라이크,,,,2,1,2,5,초,1,0,0,0,좌,우,,박재상,,곽정철,김상훈,최희섭,김종국,안치홍,이현곤,나지완,김원섭,이종범,,71857.0,,75668,70612,77623,96616,79608,72606,78629,71207,93607,,,,,,,,,,,,,,,,,,20090409,HT,SK,KIA,SSG,무등,권영철,38,4,-1,20090409SKHT0
,곽정철,조동화,75668,71848,0,타격,필드 아웃,플라이 아웃,조동화 : 1루수 플라이 아웃;,2,2,2,5,초,1,0,1,0,좌,우,,박재상,,곽정철,김상훈,최희섭,김종국,안치홍,이현곤,나지완,김원섭,이종범,,71857.0,,75668,70612,77623,96616,79608,72606,78629,71207,93607,,,,,,,,,,,,,,,,,,20090409,HT,SK,KIA,SSG,무등,권영철,38,5,-1,20090409SKHT0
,채병용,이종범,71845,93607,0,스트라이크,,,,0,0,0,5,말,1,0,0,0,우,우,,,,채병용,박경완,박정권,안경현,최정,모창민,박재상,조동화,박재홍,,,,71845,92809,74846,92207,75847,78813,71857,71848,96362,,,,,,,,,,,,,,,,,,20090409,HT,SK,KIA,SSG,무등,권영철,39,1,-1,20090409SKHT0
,채병용,이종범,71845,93607,0,스트라이크,,,,0,1,0,5,말,1,0,0,0,우,우,,,,채병용,박경완,박정권,안경현,최정,모창민,박재상,조동화,박재홍,,,,71845,92809,74846,92207,75847,78813,71857,71848,96362,,,,,,,,,,,,,,,,,,20090409,HT,SK,KIA,SSG,무등,권영철,39,2,-1,20090409SKHT0
,채병용,이종범,71845,93607,0,볼,,,,0,2,0,5,말,1,0,0,0,우,우,,,,채병용,박경완,박정권,안경현,최정,모창민,박재상,조동화,박재홍,,,,71845,92809,74846,92207,75847,78813,71857,71848,96362,,,,,,,,,,,,,,,,,,20090409,HT,SK,KIA,SSG,무등,권영철,39,3,-1,20090409SKHT0
,채병용,이종범,71845,93607,0,볼,,,,1,2,0,5,말,1,0,0,0,우,우,,,,채병용,박경완,박정권,안경현,최정,모창민,박재상,조동화,박재홍,,,,71845,92809,74846,92207,75847,78813,71857,71848,96362,,,,,,,,,,,,,,,,,,20090409,HT,SK,KIA,SSG,무등,권영철,39,4,-1,20090409SKHT0
,채병용,이종범,71845,93607,0,볼,,,,2,2,0,5,말,1,0,0,0,우,우,,,,채병용,박경완,박정권,안경현,최정,모창민,박재상,조동화,박재홍,,,,71845,92809,74846,92207,75847,78813,71857,71848,96362,,,,,,,,,,,,,,,,,,20090409,HT,SK,KIA,SSG,무등,권영철,39,5,-1,20090409SKHT0
,채병용,이종범,71845,93607,0,타격,필드 아웃,파울 플라이 아웃,이종범 : 1루수 파울플라이 아웃;,3,2,0,5,말,1,0,1,0,우,우,,,,채병용,박경완,박정권,안경현,최정,모창민,박재상,조동화,박재홍,,,,71845,92809,74846,92207,75847,78813,71857,71848,96362,,,,,,,,,,,,,,,,,,20090409,HT,SK,KIA,SSG,무등,권영철,39,6,-1,20090409SKHT0
,채병용,김원섭,71845,71207,0,볼,,,,0,0,1,5,말,1,0,0,0,좌,우,,,,채병용,박경완,박정권,안경현,최정,모창민,박재상,조동화,박재홍,,,,71845,92809,74846,92207,75847,78813,71857,71848,96362,,,,,,,,,,,,,,,,,,20090409,HT,SK,KIA,SSG,무등,권영철,40,1,-1,20090409SKHT0
,채병용,김원섭,71845,71207,0,스트라이크,,,,1,0,1,5,말,1,0,0,0,좌,우,,,,채병용,박경완,박정권,안경현,최정,모창민,박재상,조동화,박재홍,,,,71845,92809,74846,92207,75847,78813,71857,71848,96362,,,,,,,,,,,,,,,,,,20090409,HT,SK,KIA,SSG,무등,권영철,40,2,-1,20090409SKHT0
,채병용,김원섭,71845,71207,0,볼,,,,1,1,1,5,말,1,0,0,0,좌,우,,,,채병용,박경완,박정권,안경현,최정,모창민,박재상,조동화,박재홍,,,,71845,92809,74846,92207,75847,78813,71857,71848,96362,,,,,,,,,,,,,,,,,,20090409,HT,SK,KIA,SSG,무등,권영철,40,3,-1,20090409SKHT0
,채병용,김원섭,71845,71207,0,파울,,,,2,1,1,5,말,1,0,0,0,좌,우,,,,채병용,박경완,박정권,안경현,최정,모창민,박재상,조동화,박재홍,,,,71845,92809,74846,92207,75847,78813,71857,71848,96362,,,,,,,,,,,,,,,,,,20090409,HT,SK,KIA,SSG,무등,권영철,40,4,-1,20090409SKHT0
,채병용,김원섭,71845,71207,0,볼,,,,2,2,1,5,말,1,0,0,0,좌,우,,,,채병용,박경완,박정권,안경현,최정,모창민,박재상,조동화,박재홍,,,,71845,92809,74846,92207,75847,78813,71857,71848,96362,,,,,,,,,,,,,,,,,,20090409,HT,SK,KIA,SSG,무등,권영철,40,5,-1,20090409SKHT0
,채병용,김원섭,71845,71207,0,타격,포스 아웃,땅볼 아웃,김원섭 : 투수 땅볼 아웃 (투수->1루수 송구아웃);,3,2,1,5,말,1,0,1,0,좌,우,,,,채병용,박경완,박정권,안경현,최정,모창민,박재상,조동화,박재홍,,,,71845,92809,74846,92207,75847,78813,71857,71848,96362,,,,,,,,,,,,,,,,,,20090409,HT,SK,KIA,SSG,무등,권영철,40,6,-1,20090409SKHT0
,채병용,장성호,71845,96610,0,볼,,,,0,0,2,5,말,1,0,0,0,좌,우,,,,채병용,박경완,박정권,안경현,최정,모창민,박재상,조동화,박재홍,,,,71845,92809,74846,92207,75847,78813,71857,71848,96362,,,,,,,,,,,,,,,,,,20090409,HT,SK,KIA,SSG,무등,권영철,41,1,-1,20090409SKHT0
,채병용,장성호,71845,96610,0,타격,필드 아웃,플라이 아웃,장성호 : 2루수 플라이 아웃;,1,0,2,5,말,1,0,1,0,좌,우,,,,채병용,박경완,박정권,안경현,최정,모창민,박재상,조동화,박재홍,,,,71845,92809,74846,92207,75847,78813,71857,71848,96362,,,,,,,,,,,,,,,,,,20090409,HT,SK,KIA,SSG,무등,권영철,41,2,-1,20090409SKHT0
,곽정철,김재현,75668,94107,0,파울,,,,0,0,0,6,초,1,0,0,0,좌,우,,,,곽정철,김상훈,최희섭,김종국,안치홍,이현곤,나지완,김원섭,이종범,,,,75668,70612,77623,96616,79608,72606,78629,71207,93607,,,,,,,,,,,,,,,,,,20090409,HT,SK,KIA,SSG,무등,권영철,42,1,-1,20090409SKHT0
,곽정철,김재현,75668,94107,0,볼,,,,0,1,0,6,초,1,0,0,0,좌,우,,,,곽정철,김상훈,최희섭,김종국,안치홍,이현곤,나지완,김원섭,이종범,,,,75668,70612,77623,96616,79608,72606,78629,71207,93607,,,,,,,,,,,,,,,,,,20090409,HT,SK,KIA,SSG,무등,권영철,42,2,-1,20090409SKHT0
,곽정철,김재현,75668,94107,0,볼,,,,1,1,0,6,초,1,0,0,0,좌,우,,,,곽정철,김상훈,최희섭,김종국,안치홍,이현곤,나지완,김원섭,이종범,,,,75668,70612,77623,96616,79608,72606,78629,71207,93607,,,,,,,,,,,,,,,,,,20090409,HT,SK,KIA,SSG,무등,권영철,42,3,-1,20090409SKHT0
,곽정철,김재현,75668,94107,0,타격,2루타,2루타,김재현 : 우중간 2루타;,2,1,0,6,초,1,0,0,0,좌,우,,,,곽정철,김상훈,최희섭,김종국,안치홍,이현곤,나지완,김원섭,이종범,,,,75668,70612,77623,96616,79608,72606,78629,71207,93607,,,,,,,,,,,,,,,,,,20090409,HT,SK,KIA,SSG,무등,권영철,42,4,-1,20090409SKHT0
,곽정철,박재홍,75668,96362,0,타격,필드 아웃,플라이 아웃,박재홍 : 우익수 플라이 아웃;,0,0,0,6,초,1,0,1,0,우,우,,김재현,,곽정철,김상훈,최희섭,김종국,안치홍,이현곤,나지완,김원섭,이종범,,94107.0,,75668,70612,77623,96616,79608,72606,78629,71207,93607,,,,,,,,,,,,,,,,,,20090409,HT,SK,KIA,SSG,무등,권영철,43,1,-1,20090409SKHT0
,곽정철,박정권,75668,74846,0,스트라이크,,,,0,0,1,6,초,1,0,0,0,좌,우,,김재현,,곽정철,김상훈,최희섭,김종국,안치홍,이현곤,나지완,김원섭,이종범,,94107.0,,75668,70612,77623,96616,79608,72606,78629,71207,93607,,,,,,,,,,,,,,,,,,20090409,HT,SK,KIA,SSG,무등,권영철,44,1,-1,20090409SKHT0
,곽정철,박정권,75668,74846,0,볼,,,,0,1,1,6,초,1,0,0,0,좌,우,,김재현,,곽정철,김상훈,최희섭,김종국,안치홍,이현곤,나지완,김원섭,이종범,,94107.0,,75668,70612,77623,96616,79608,72606,78629,71207,93607,,,,,,,,,,,,,,,,,,20090409,HT,SK,KIA,SSG,무등,권영철,44,2,-1,20090409SKHT0
,곽정철,박정권,75668,74846,0,볼,,,,1,1,1,6,초,1,0,0,0,좌,우,,김재현,,곽정철,김상훈,최희섭,김종국,안치홍,이현곤,나지완,김원섭,이종범,,94107.0,,75668,70612,77623,96616,79608,72606,78629,71207,93607,,,,,,,,,,,,,,,,,,20090409,HT,SK,KIA,SSG,무등,권영철,44,3,-1,20090409SKHT0
,곽정철,박정권,75668,74846,0,볼,,,,2,1,1,6,초,1,0,0,0,좌,우,,김재현,,곽정철,김상훈,최희섭,김종국,안치홍,이현곤,나지완,김원섭,이종범,,94107.0,,75668,70612,77623,96616,79608,72606,78629,71207,93607,,,,,,,,,,,,,,,,,,20090409,HT,SK,KIA,SSG,무등,권영철,44,4,-1,20090409SKHT0
,곽정철,박정권,75668,74846,0,볼,볼넷,볼넷,박정권 :  볼넷;,3,1,1,6,초,1,0,0,0,좌,우,,김재현,,곽정철,김상훈,최희섭,김종국,안치홍,이현곤,나지완,김원섭,이종범,,94107.0,,75668,70612,77623,96616,79608,72606,78629,71207,93607,,,,,,,,,,,,,,,,,,20090409,HT,SK,KIA,SSG,무등,권영철,44,5,-1,20090409SKHT0
,곽정철,안경현,75668,92207,,,,,투수 곽정철 : 투수 유동훈 (으)로 교체;,0,0,1,6,초,1,0,0,0,우,우,박정권,김재현,,곽정철,김상훈,최희섭,김종국,안치홍,이현곤,나지완,김원섭,이종범,74846.0,94107.0,,75668,70612,77623,96616,79608,72606,78629,71207,93607,,,,,,,,,,,,,,,,,,20090409,HT,SK,KIA,SSG,무등,권영철,45,,,20090409SKHT0
,유동훈,안경현,99639,92207,0,파울,,,,0,0,1,6,초,1,0,0,0,우,우,박정권,김재현,,유동훈,김상훈,최희섭,김종국,안치홍,이현곤,나지완,김원섭,이종범,74846.0,94107.0,,99639,70612,77623,96616,79608,72606,78629,71207,93607,,,,,,,,,,,,,,,,,,20090409,HT,SK,KIA,SSG,무등,권영철,45,1,-1,20090409SKHT0
,유동훈,안경현,99639,92207,0,볼,,,,0,1,1,6,초,1,0,0,0,우,우,박정권,김재현,,유동훈,김상훈,최희섭,김종국,안치홍,이현곤,나지완,김원섭,이종범,74846.0,94107.0,,99639,70612,77623,96616,79608,72606,78629,71207,93607,,,,,,,,,,,,,,,,,,20090409,HT,SK,KIA,SSG,무등,권영철,45,2,-1,20090409SKHT0
,유동훈,안경현,99639,92207,0,타격,병살타,병살타,안경현 : 2루수 병살타 아웃 (2루수->유격수->1루수 송구아웃); 1루주자 박정권 :  포스아웃 (2루수->유격수 2루 터치아웃);,1,1,1,6,초,1,0,2,0,우,우,박정권,김재현,,유동훈,김상훈,최희섭,김종국,안치홍,이현곤,나지완,김원섭,이종범,74846.0,94107.0,,99639,70612,77623,96616,79608,72606,78629,71207,93607,,,,,,,,,,,,,,,,,,20090409,HT,SK,KIA,SSG,무등,권영철,45,3,-1,20090409SKHT0
,채병용,최희섭,71845,77623,0,타격,포스 아웃,땅볼 아웃,최희섭 : 2루수 땅볼 아웃 (2루수->1루수 송구아웃);,0,0,0,6,말,1,0,1,0,좌,우,,,,채병용,박경완,박정권,안경현,최정,모창민,박재상,조동화,박재홍,,,,71845,92809,74846,92207,75847,78813,71857,71848,96362,,,,,,,,,,,,,,,,,,20090409,HT,SK,KIA,SSG,무등,권영철,46,1,-1,20090409SKHT0
,채병용,나지완,71845,78629,0,스트라이크,,,,0,0,1,6,말,1,0,0,0,우,우,,,,채병용,박경완,박정권,안경현,최정,모창민,박재상,조동화,박재홍,,,,71845,92809,74846,92207,75847,78813,71857,71848,96362,,,,,,,,,,,,,,,,,,20090409,HT,SK,KIA,SSG,무등,권영철,47,1,-1,20090409SKHT0
,채병용,나지완,71845,78629,0,헛스윙,,,,0,1,1,6,말,1,0,0,0,우,우,,,,채병용,박경완,박정권,안경현,최정,모창민,박재상,조동화,박재홍,,,,71845,92809,74846,92207,75847,78813,71857,71848,96362,,,,,,,,,,,,,,,,,,20090409,HT,SK,KIA,SSG,무등,권영철,47,2,-1,20090409SKHT0
,채병용,나지완,71845,78629,0,타격,필드 아웃,파울 플라이 아웃,나지완 : 좌익수 파울플라이 아웃;,0,2,1,6,말,1,0,1,0,우,우,,,,채병용,박경완,박정권,안경현,최정,모창민,박재상,조동화,박재홍,,,,71845,92809,74846,92207,75847,78813,71857,71848,96362,,,,,,,,,,,,,,,,,,20090409,HT,SK,KIA,SSG,무등,권영철,47,3,-1,20090409SKHT0
,채병용,안치홍,71845,79608,0,헛스윙,,,,0,0,2,6,말,1,0,0,0,우,우,,,,채병용,박경완,박정권,안경현,최정,모창민,박재상,조동화,박재홍,,,,71845,92809,74846,92207,75847,78813,71857,71848,96362,,,,,,,,,,,,,,,,,,20090409,HT,SK,KIA,SSG,무등,권영철,48,1,-1,20090409SKHT0
,채병용,안치홍,71845,79608,0,헛스윙,,,,0,1,2,6,말,1,0,0,0,우,우,,,,채병용,박경완,박정권,안경현,최정,모창민,박재상,조동화,박재홍,,,,71845,92809,74846,92207,75847,78813,71857,71848,96362,,,,,,,,,,,,,,,,,,20090409,HT,SK,KIA,SSG,무등,권영철,48,2,-1,20090409SKHT0
,채병용,안치홍,71845,79608,0,볼,,,,0,2,2,6,말,1,0,0,0,우,우,,,,채병용,박경완,박정권,안경현,최정,모창민,박재상,조동화,박재홍,,,,71845,92809,74846,92207,75847,78813,71857,71848,96362,,,,,,,,,,,,,,,,,,20090409,HT,SK,KIA,SSG,무등,권영철,48,3,-1,20090409SKHT0
,채병용,안치홍,71845,79608,0,헛스윙,삼진,삼진,안치홍 :  삼진 아웃;,1,2,2,6,말,1,0,0,0,우,우,,,,채병용,박경완,박정권,안경현,최정,모창민,박재상,조동화,박재홍,,,,71845,92809,74846,92207,75847,78813,71857,71848,96362,,,,,,,,,,,,,,,,,,20090409,HT,SK,KIA,SSG,무등,권영철,48,4,-1,20090409SKHT0
,유동훈,최정,99639,75847,0,헛스윙,,,,0,0,0,7,초,1,0,0,0,우,우,,,,유동훈,김상훈,최희섭,김종국,안치홍,이현곤,나지완,김원섭,이종범,,,,99639,70612,77623,96616,79608,72606,78629,71207,93607,,,,,,,,,,,,,,,,,,20090409,HT,SK,KIA,SSG,무등,권영철,49,1,-1,20090409SKHT0
,유동훈,최정,99639,75847,0,볼,,,,0,1,0,7,초,1,0,0,0,우,우,,,,유동훈,김상훈,최희섭,김종국,안치홍,이현곤,나지완,김원섭,이종범,,,,99639,70612,77623,96616,79608,72606,78629,71207,93607,,,,,,,,,,,,,,,,,,20090409,HT,SK,KIA,SSG,무등,권영철,49,2,-1,20090409SKHT0
,유동훈,최정,99639,75847,0,볼,,,,1,1,0,7,초,1,0,0,0,우,우,,,,유동훈,김상훈,최희섭,김종국,안치홍,이현곤,나지완,김원섭,이종범,,,,99639,70612,77623,96616,79608,72606,78629,71207,93607,,,,,,,,,,,,,,,,,,20090409,HT,SK,KIA,SSG,무등,권영철,49,3,-1,20090409SKHT0
,유동훈,최정,99639,75847,0,헛스윙,,,,2,1,0,7,초,1,0,0,0,우,우,,,,유동훈,김상훈,최희섭,김종국,안치홍,이현곤,나지완,김원섭,이종범,,,,99639,70612,77623,96616,79608,72606,78629,71207,93607,,,,,,,,,,,,,,,,,,20090409,HT,SK,KIA,SSG,무등,권영철,49,4,-1,20090409SKHT0
,유동훈,최정,99639,75847,0,타격,포스 아웃,땅볼 아웃,최정 : 유격수 땅볼 아웃 (유격수->1루수 송구아웃);,2,2,0,7,초,1,0,1,0,우,우,,,,유동훈,김상훈,최희섭,김종국,안치홍,이현곤,나지완,김원섭,이종범,,,,99639,70612,77623,96616,79608,72606,78629,71207,93607,,,,,,,,,,,,,,,,,,20090409,HT,SK,KIA,SSG,무등,권영철,49,5,-1,20090409SKHT0
,유동훈,박경완,99639,92809,0,스트라이크,,,,0,0,1,7,초,1,0,0,0,우,우,,,,유동훈,김상훈,최희섭,김종국,안치홍,이현곤,나지완,김원섭,이종범,,,,99639,70612,77623,96616,79608,72606,78629,71207,93607,,,,,,,,,,,,,,,,,,20090409,HT,SK,KIA,SSG,무등,권영철,50,1,-1,20090409SKHT0
,유동훈,박경완,99639,92809,0,타격,2루타,2루타,박경완 : 우중간 2루타;,0,1,1,7,초,1,0,0,0,우,우,,,,유동훈,김상훈,최희섭,김종국,안치홍,이현곤,나지완,김원섭,이종범,,,,99639,70612,77623,96616,79608,72606,78629,71207,93607,,,,,,,,,,,,,,,,,,20090409,HT,SK,KIA,SSG,무등,권영철,50,2,-1,20090409SKHT0
,유동훈,모창민,99639,78813,0,파울,,,,0,0,1,7,초,1,0,0,0,우,우,,박경완,,유동훈,김상훈,최희섭,김종국,안치홍,이현곤,나지완,김원섭,이종범,,92809.0,,99639,70612,77623,96616,79608,72606,78629,71207,93607,,,,,,,,,,,,,,,,,,20090409,HT,SK,KIA,SSG,무등,권영철,51,1,-1,20090409SKHT0
,유동훈,모창민,99639,78813,0,볼,,,,0,1,1,7,초,1,0,0,0,우,우,,박경완,,유동훈,김상훈,최희섭,김종국,안치홍,이현곤,나지완,김원섭,이종범,,92809.0,,99639,70612,77623,96616,79608,72606,78629,71207,93607,,,,,,,,,,,,,,,,,,20090409,HT,SK,KIA,SSG,무등,권영철,51,2,-1,20090409SKHT0
,유동훈,모창민,99639,78813,0,파울,,,,1,1,1,7,초,1,0,0,0,우,우,,박경완,,유동훈,김상훈,최희섭,김종국,안치홍,이현곤,나지완,김원섭,이종범,,92809.0,,99639,70612,77623,96616,79608,72606,78629,71207,93607,,,,,,,,,,,,,,,,,,20090409,HT,SK,KIA,SSG,무등,권영철,51,3,-1,20090409SKHT0
,유동훈,모창민,99639,78813,0,볼,,,,1,2,1,7,초,1,0,0,0,우,우,,박경완,,유동훈,김상훈,최희섭,김종국,안치홍,이현곤,나지완,김원섭,이종범,,92809.0,,99639,70612,77623,96616,79608,72606,78629,71207,93607,,,,,,,,,,,,,,,,,,20090409,HT,SK,KIA,SSG,무등,권영철,51,4,-1,20090409SKHT0
,유동훈,모창민,99639,78813,0,볼,,,,2,2,1,7,초,1,0,0,0,우,우,,박경완,,유동훈,김상훈,최희섭,김종국,안치홍,이현곤,나지완,김원섭,이종범,,92809.0,,99639,70612,77623,96616,79608,72606,78629,71207,93607,,,,,,,,,,,,,,,,,,20090409,HT,SK,KIA,SSG,무등,권영철,51,5,-1,20090409SKHT0
,유동훈,모창민,99639,78813,0,파울,,,,3,2,1,7,초,1,0,0,0,우,우,,박경완,,유동훈,김상훈,최희섭,김종국,안치홍,이현곤,나지완,김원섭,이종범,,92809.0,,99639,70612,77623,96616,79608,72606,78629,71207,93607,,,,,,,,,,,,,,,,,,20090409,HT,SK,KIA,SSG,무등,권영철,51,6,-1,20090409SKHT0
,유동훈,모창민,99639,78813,0,헛스윙,삼진,삼진,모창민 :  삼진 아웃; 2루주자 박경완 :  도루로 3루까지 진루;,3,2,1,7,초,1,0,0,0,우,우,,박경완,,유동훈,김상훈,최희섭,김종국,안치홍,이현곤,나지완,김원섭,이종범,,92809.0,,99639,70612,77623,96616,79608,72606,78629,71207,93607,,,,,,,,,,,,,,,,,,20090409,HT,SK,KIA,SSG,무등,권영철,51,7,-1,20090409SKHT0
,유동훈,박재상,99639,71857,0,스트라이크,,,,0,0,2,7,초,1,0,0,0,좌,우,,,박경완,유동훈,김상훈,최희섭,김종국,안치홍,이현곤,나지완,김원섭,이종범,,,92809.0,99639,70612,77623,96616,79608,72606,78629,71207,93607,,,,,,,,,,,,,,,,,,20090409,HT,SK,KIA,SSG,무등,권영철,52,1,-1,20090409SKHT0
,유동훈,박재상,99639,71857,0,파울,,,,0,1,2,7,초,1,0,0,0,좌,우,,,박경완,유동훈,김상훈,최희섭,김종국,안치홍,이현곤,나지완,김원섭,이종범,,,92809.0,99639,70612,77623,96616,79608,72606,78629,71207,93607,,,,,,,,,,,,,,,,,,20090409,HT,SK,KIA,SSG,무등,권영철,52,2,-1,20090409SKHT0
,유동훈,박재상,99639,71857,0,볼,,,,0,2,2,7,초,1,0,0,0,좌,우,,,박경완,유동훈,김상훈,최희섭,김종국,안치홍,이현곤,나지완,김원섭,이종범,,,92809.0,99639,70612,77623,96616,79608,72606,78629,71207,93607,,,,,,,,,,,,,,,,,,20090409,HT,SK,KIA,SSG,무등,권영철,52,3,-1,20090409SKHT0
,유동훈,박재상,99639,71857,0,타격,포스 아웃,땅볼 아웃,박재상 : 1루수 땅볼 아웃 (1루수 1루 터치아웃);,1,2,2,7,초,1,0,1,0,좌,우,,,박경완,유동훈,김상훈,최희섭,김종국,안치홍,이현곤,나지완,김원섭,이종범,,,92809.0,99639,70612,77623,96616,79608,72606,78629,71207,93607,,,,,,,,,,,,,,,,,,20090409,HT,SK,KIA,SSG,무등,권영철,52,4,-1,20090409SKHT0
,채병용,이현곤,71845,72606,,,,,투수 채병용 : 투수 이승호 (으)로 교체;,0,0,0,7,말,1,0,0,0,우,우,,,,채병용,박경완,박정권,안경현,최정,모창민,박재상,조동화,박재홍,,,,71845,92809,74846,92207,75847,78813,71857,71848,96362,,,,,,,,,,,,,,,,,,20090409,HT,SK,KIA,SSG,무등,권영철,53,,,20090409SKHT0
,이승호,이현곤,70820,72606,0,스트라이크,,,,0,0,0,7,말,1,0,0,0,우,좌,,,,이승호,박경완,박정권,안경현,최정,모창민,박재상,조동화,박재홍,,,,70820,92809,74846,92207,75847,78813,71857,71848,96362,,,,,,,,,,,,,,,,,,20090409,HT,SK,KIA,SSG,무등,권영철,53,1,-1,20090409SKHT0
,이승호,이현곤,70820,72606,0,볼,,,,0,1,0,7,말,1,0,0,0,우,좌,,,,이승호,박경완,박정권,안경현,최정,모창민,박재상,조동화,박재홍,,,,70820,92809,74846,92207,75847,78813,71857,71848,96362,,,,,,,,,,,,,,,,,,20090409,HT,SK,KIA,SSG,무등,권영철,53,2,-1,20090409SKHT0
,이승호,이현곤,70820,72606,0,스트라이크,,,,1,1,0,7,말,1,0,0,0,우,좌,,,,이승호,박경완,박정권,안경현,최정,모창민,박재상,조동화,박재홍,,,,70820,92809,74846,92207,75847,78813,71857,71848,96362,,,,,,,,,,,,,,,,,,20090409,HT,SK,KIA,SSG,무등,권영철,53,3,-1,20090409SKHT0
,이승호,이현곤,70820,72606,0,헛스윙,삼진,삼진,이현곤 :  삼진 아웃;,1,2,0,7,말,1,0,0,0,우,좌,,,,이승호,박경완,박정권,안경현,최정,모창민,박재상,조동화,박재홍,,,,70820,92809,74846,92207,75847,78813,71857,71848,96362,,,,,,,,,,,,,,,,,,20090409,HT,SK,KIA,SSG,무등,권영철,53,4,-1,20090409SKHT0
,이승호,김상훈,70820,70612,0,볼,,,,0,0,1,7,말,1,0,0,0,우,좌,,,,이승호,박경완,박정권,안경현,최정,모창민,박재상,조동화,박재홍,,,,70820,92809,74846,92207,75847,78813,71857,71848,96362,,,,,,,,,,,,,,,,,,20090409,HT,SK,KIA,SSG,무등,권영철,54,1,-1,20090409SKHT0
,이승호,김상훈,70820,70612,0,파울,,,,1,0,1,7,말,1,0,0,0,우,좌,,,,이승호,박경완,박정권,안경현,최정,모창민,박재상,조동화,박재홍,,,,70820,92809,74846,92207,75847,78813,71857,71848,96362,,,,,,,,,,,,,,,,,,20090409,HT,SK,KIA,SSG,무등,권영철,54,2,-1,20090409SKHT0
,이승호,김상훈,70820,70612,0,볼,,,,1,1,1,7,말,1,0,0,0,우,좌,,,,이승호,박경완,박정권,안경현,최정,모창민,박재상,조동화,박재홍,,,,70820,92809,74846,92207,75847,78813,71857,71848,96362,,,,,,,,,,,,,,,,,,20090409,HT,SK,KIA,SSG,무등,권영철,54,3,-1,20090409SKHT0
,이승호,김상훈,70820,70612,0,파울,,,,2,1,1,7,말,1,0,0,0,우,좌,,,,이승호,박경완,박정권,안경현,최정,모창민,박재상,조동화,박재홍,,,,70820,92809,74846,92207,75847,78813,71857,71848,96362,,,,,,,,,,,,,,,,,,20090409,HT,SK,KIA,SSG,무등,권영철,54,4,-1,20090409SKHT0
,이승호,김상훈,70820,70612,0,헛스윙,삼진,삼진,김상훈 :  삼진 아웃;,2,2,1,7,말,1,0,0,0,우,좌,,,,이승호,박경완,박정권,안경현,최정,모창민,박재상,조동화,박재홍,,,,70820,92809,74846,92207,75847,78813,71857,71848,96362,,,,,,,,,,,,,,,,,,20090409,HT,SK,KIA,SSG,무등,권영철,54,5,-1,20090409SKHT0
,이승호,김종국,70820,96616,0,볼,,,,0,0,2,7,말,1,0,0,0,우,좌,,,,이승호,박경완,박정권,안경현,최정,모창민,박재상,조동화,박재홍,,,,70820,92809,74846,92207,75847,78813,71857,71848,96362,,,,,,,,,,,,,,,,,,20090409,HT,SK,KIA,SSG,무등,권영철,55,1,-1,20090409SKHT0
,이승호,김종국,70820,96616,0,타격,안타,안타,김종국 : 중견수 앞 1루타;,1,0,2,7,말,1,0,0,0,우,좌,,,,이승호,박경완,박정권,안경현,최정,모창민,박재상,조동화,박재홍,,,,70820,92809,74846,92207,75847,78813,71857,71848,96362,,,,,,,,,,,,,,,,,,20090409,HT,SK,KIA,SSG,무등,권영철,55,2,-1,20090409SKHT0
,이승호,이종범,70820,93607,0,볼,,,,0,0,2,7,말,1,0,0,0,우,좌,김종국,,,이승호,박경완,박정권,안경현,최정,모창민,박재상,조동화,박재홍,96616.0,,,70820,92809,74846,92207,75847,78813,71857,71848,96362,,,,,,,,,,,,,,,,,,20090409,HT,SK,KIA,SSG,무등,권영철,56,1,-1,20090409SKHT0
,이승호,이종범,70820,93607,0,볼,,,,1,0,2,7,말,1,0,0,0,우,좌,김종국,,,이승호,박경완,박정권,안경현,최정,모창민,박재상,조동화,박재홍,96616.0,,,70820,92809,74846,92207,75847,78813,71857,71848,96362,,,,,,,,,,,,,,,,,,20090409,HT,SK,KIA,SSG,무등,권영철,56,2,-1,20090409SKHT0
,이승호,이종범,70820,93607,0,스트라이크,,,,2,0,2,7,말,1,0,0,0,우,좌,김종국,,,이승호,박경완,박정권,안경현,최정,모창민,박재상,조동화,박재홍,96616.0,,,70820,92809,74846,92207,75847,78813,71857,71848,96362,,,,,,,,,,,,,,,,,,20090409,HT,SK,KIA,SSG,무등,권영철,56,3,-1,20090409SKHT0
,이승호,이종범,70820,93607,0,파울,,,,2,1,2,7,말,1,0,0,0,우,좌,김종국,,,이승호,박경완,박정권,안경현,최정,모창민,박재상,조동화,박재홍,96616.0,,,70820,92809,74846,92207,75847,78813,71857,71848,96362,,,,,,,,,,,,,,,,,,20090409,HT,SK,KIA,SSG,무등,권영철,56,4,-1,20090409SKHT0
,이승호,이종범,70820,93607,0,헛스윙,삼진,삼진,이종범 :  삼진 아웃;,2,2,2,7,말,1,0,0,0,우,좌,김종국,,,이승호,박경완,박정권,안경현,최정,모창민,박재상,조동화,박재홍,96616.0,,,70820,92809,74846,92207,75847,78813,71857,71848,96362,,,,,,,,,,,,,,,,,,20090409,HT,SK,KIA,SSG,무등,권영철,56,5,-1,20090409SKHT0
,유동훈,조동화,99639,71848,0,스트라이크,,,,0,0,0,8,초,1,0,0,0,좌,우,,,,유동훈,김상훈,최희섭,김종국,안치홍,이현곤,나지완,김원섭,이종범,,,,99639,70612,77623,96616,79608,72606,78629,71207,93607,,,,,,,,,,,,,,,,,,20090409,HT,SK,KIA,SSG,무등,권영철,57,1,-1,20090409SKHT0
,유동훈,조동화,99639,71848,0,타격,포스 아웃,땅볼 아웃,조동화 : 투수 땅볼 아웃 (투수->1루수 송구아웃);,0,1,0,8,초,1,0,1,0,좌,우,,,,유동훈,김상훈,최희섭,김종국,안치홍,이현곤,나지완,김원섭,이종범,,,,99639,70612,77623,96616,79608,72606,78629,71207,93607,,,,,,,,,,,,,,,,,,20090409,HT,SK,KIA,SSG,무등,권영철,57,2,-1,20090409SKHT0
,유동훈,김재현,99639,94107,,,,,투수 유동훈 : 투수 김영수 (으)로 교체; 3번타자 김재현 : 대타 윤상균(으)로 교체;,0,0,1,8,초,1,0,0,0,좌,우,,,,유동훈,김상훈,최희섭,김종국,안치홍,이현곤,나지완,김원섭,이종범,,,,99639,70612,77623,96616,79608,72606,78629,71207,93607,,,,,,,,,,,,,,,,,,20090409,HT,SK,KIA,SSG,무등,권영철,58,,,20090409SKHT0
,김영수,윤상균,97236,78892,0,볼,,,,0,0,1,8,초,1,0,0,0,우,좌,,,,김영수,김상훈,최희섭,김종국,안치홍,이현곤,나지완,김원섭,이종범,,,,97236,70612,77623,96616,79608,72606,78629,71207,93607,,,,,,,,,,,,,,,,,,20090409,HT,SK,KIA,SSG,무등,권영철,58,1,-1,20090409SKHT0
,김영수,윤상균,97236,78892,0,스트라이크,,,,1,0,1,8,초,1,0,0,0,우,좌,,,,김영수,김상훈,최희섭,김종국,안치홍,이현곤,나지완,김원섭,이종범,,,,97236,70612,77623,96616,79608,72606,78629,71207,93607,,,,,,,,,,,,,,,,,,20090409,HT,SK,KIA,SSG,무등,권영철,58,2,-1,20090409SKHT0
,김영수,윤상균,97236,78892,0,헛스윙,,,,1,1,1,8,초,1,0,0,0,우,좌,,,,김영수,김상훈,최희섭,김종국,안치홍,이현곤,나지완,김원섭,이종범,,,,97236,70612,77623,96616,79608,72606,78629,71207,93607,,,,,,,,,,,,,,,,,,20090409,HT,SK,KIA,SSG,무등,권영철,58,3,-1,20090409SKHT0
,김영수,윤상균,97236,78892,0,파울,,,,1,2,1,8,초,1,0,0,0,우,좌,,,,김영수,김상훈,최희섭,김종국,안치홍,이현곤,나지완,김원섭,이종범,,,,97236,70612,77623,96616,79608,72606,78629,71207,93607,,,,,,,,,,,,,,,,,,20090409,HT,SK,KIA,SSG,무등,권영철,58,4,-1,20090409SKHT0
,김영수,윤상균,97236,78892,0,타격,포스 아웃,땅볼 아웃,윤상균 : 유격수 땅볼 아웃 (유격수->1루수 송구아웃);,1,2,1,8,초,1,0,1,0,우,좌,,,,김영수,김상훈,최희섭,김종국,안치홍,이현곤,나지완,김원섭,이종범,,,,97236,70612,77623,96616,79608,72606,78629,71207,93607,,,,,,,,,,,,,,,,,,20090409,HT,SK,KIA,SSG,무등,권영철,58,5,-1,20090409SKHT0
,김영수,박재홍,97236,96362,,,,,투수 김영수 : 투수 고우석 (으)로 교체;,0,0,2,8,초,1,0,0,0,우,좌,,,,김영수,김상훈,최희섭,김종국,안치홍,이현곤,나지완,김원섭,이종범,,,,97236,70612,77623,96616,79608,72606,78629,71207,93607,,,,,,,,,,,,,,,,,,20090409,HT,SK,KIA,SSG,무등,권영철,59,,,20090409SKHT0
,고우석,박재홍,73629,96362,0,볼,,,,0,0,2,8,초,1,0,0,0,우,우,,,,고우석,김상훈,최희섭,김종국,안치홍,이현곤,나지완,김원섭,이종범,,,,73629,70612,77623,96616,79608,72606,78629,71207,93607,,,,,,,,,,,,,,,,,,20090409,HT,SK,KIA,SSG,무등,권영철,59,1,-1,20090409SKHT0
,고우석,박재홍,73629,96362,0,볼,,,,1,0,2,8,초,1,0,0,0,우,우,,,,고우석,김상훈,최희섭,김종국,안치홍,이현곤,나지완,김원섭,이종범,,,,73629,70612,77623,96616,79608,72606,78629,71207,93607,,,,,,,,,,,,,,,,,,20090409,HT,SK,KIA,SSG,무등,권영철,59,2,-1,20090409SKHT0
,고우석,박재홍,73629,96362,0,볼,,,,2,0,2,8,초,1,0,0,0,우,우,,,,고우석,김상훈,최희섭,김종국,안치홍,이현곤,나지완,김원섭,이종범,,,,73629,70612,77623,96616,79608,72606,78629,71207,93607,,,,,,,,,,,,,,,,,,20090409,HT,SK,KIA,SSG,무등,권영철,59,3,-1,20090409SKHT0
,고우석,박재홍,73629,96362,0,볼,볼넷,볼넷,박재홍 :  볼넷;,3,0,2,8,초,1,0,0,0,우,우,,,,고우석,김상훈,최희섭,김종국,안치홍,이현곤,나지완,김원섭,이종범,,,,73629,70612,77623,96616,79608,72606,78629,71207,93607,,,,,,,,,,,,,,,,,,20090409,HT,SK,KIA,SSG,무등,권영철,59,4,-1,20090409SKHT0
,고우석,박정권,73629,74846,0,볼,,,,0,0,2,8,초,1,0,0,0,좌,우,박재홍,,,고우석,김상훈,최희섭,김종국,안치홍,이현곤,나지완,김원섭,이종범,96362.0,,,73629,70612,77623,96616,79608,72606,78629,71207,93607,,,,,,,,,,,,,,,,,,20090409,HT,SK,KIA,SSG,무등,권영철,60,1,-1,20090409SKHT0
,고우석,박정권,73629,74846,0,볼,,,,1,0,2,8,초,1,0,0,0,좌,우,박재홍,,,고우석,김상훈,최희섭,김종국,안치홍,이현곤,나지완,김원섭,이종범,96362.0,,,73629,70612,77623,96616,79608,72606,78629,71207,93607,,,,,,,,,,,,,,,,,,20090409,HT,SK,KIA,SSG,무등,권영철,60,2,-1,20090409SKHT0
,고우석,박정권,73629,74846,0,파울,,,,2,0,2,8,초,1,0,0,0,좌,우,박재홍,,,고우석,김상훈,최희섭,김종국,안치홍,이현곤,나지완,김원섭,이종범,96362.0,,,73629,70612,77623,96616,79608,72606,78629,71207,93607,,,,,,,,,,,,,,,,,,20090409,HT,SK,KIA,SSG,무등,권영철,60,3,-1,20090409SKHT0
,고우석,박정권,73629,74846,0,볼,,,,2,1,2,8,초,1,0,0,0,좌,우,박재홍,,,고우석,김상훈,최희섭,김종국,안치홍,이현곤,나지완,김원섭,이종범,96362.0,,,73629,70612,77623,96616,79608,72606,78629,71207,93607,,,,,,,,,,,,,,,,,,20090409,HT,SK,KIA,SSG,무등,권영철,60,4,-1,20090409SKHT0
,고우석,박정권,73629,74846,,,,,1루주자 박재홍 :  도루로 2루까지 진루;,3,1,2,8,초,1,0,0,0,좌,우,박재홍,,,고우석,김상훈,최희섭,김종국,안치홍,이현곤,나지완,김원섭,이종범,96362.0,,,73629,70612,77623,96616,79608,72606,78629,71207,93607,,,,,,,,,,,,,,,,,,20090409,HT,SK,KIA,SSG,무등,권영철,60,,,20090409SKHT0
,고우석,박정권,73629,74846,0,볼,볼넷,볼넷,박정권 :  볼넷;,3,1,2,8,초,1,0,0,0,좌,우,,박재홍,,고우석,김상훈,최희섭,김종국,안치홍,이현곤,나지완,김원섭,이종범,,96362.0,,73629,70612,77623,96616,79608,72606,78629,71207,93607,,,,,,,,,,,,,,,,,,20090409,HT,SK,KIA,SSG,무등,권영철,60,5,-1,20090409SKHT0
,고우석,안경현,73629,92207,,,,,투수 고우석 : 투수 손영민 (으)로 교체;,0,0,2,8,초,1,0,0,0,우,우,박정권,박재홍,,고우석,김상훈,최희섭,김종국,안치홍,이현곤,나지완,김원섭,이종범,74846.0,96362.0,,73629,70612,77623,96616,79608,72606,78629,71207,93607,,,,,,,,,,,,,,,,,,20090409,HT,SK,KIA,SSG,무등,권영철,61,,,20090409SKHT0
,손영민,안경현,76639,92207,0,볼,몸에 맞는 볼,몸에 맞는 볼,안경현 : 몸에 맞은 볼; 1루주자 박정권 :   2루까지 진루; 2루주자 박재홍 :   3루까지 진루;,0,0,2,8,초,1,0,0,0,우,우,박정권,박재홍,,손영민,김상훈,최희섭,김종국,안치홍,이현곤,나지완,김원섭,이종범,74846.0,96362.0,,76639,70612,77623,96616,79608,72606,78629,71207,93607,,,,,,,,,,,,,,,,,,20090409,HT,SK,KIA,SSG,무등,권영철,61,1,-1,20090409SKHT0
,손영민,최정,76639,75847,0,볼,,,,0,0,2,8,초,1,0,0,0,우,우,안경현,박정권,박재홍,손영민,김상훈,최희섭,김종국,안치홍,이현곤,나지완,김원섭,이종범,92207.0,74846.0,96362.0,76639,70612,77623,96616,79608,72606,78629,71207,93607,,,,,,,,,,,,,,,,,,20090409,HT,SK,KIA,SSG,무등,권영철,62,1,-1,20090409SKHT0
,손영민,최정,76639,75847,0,스트라이크,,,,1,0,2,8,초,1,0,0,0,우,우,안경현,박정권,박재홍,손영민,김상훈,최희섭,김종국,안치홍,이현곤,나지완,김원섭,이종범,92207.0,74846.0,96362.0,76639,70612,77623,96616,79608,72606,78629,71207,93607,,,,,,,,,,,,,,,,,,20090409,HT,SK,KIA,SSG,무등,권영철,62,2,-1,20090409SKHT0
,손영민,최정,76639,75847,0,타격,필드 아웃,파울 플라이 아웃,최정 : 우익수 파울플라이 아웃;,1,1,2,8,초,1,0,1,0,우,우,안경현,박정권,박재홍,손영민,김상훈,최희섭,김종국,안치홍,이현곤,나지완,김원섭,이종범,92207.0,74846.0,96362.0,76639,70612,77623,96616,79608,72606,78629,71207,93607,,,,,,,,,,,,,,,,,,20090409,HT,SK,KIA,SSG,무등,권영철,62,3,-1,20090409SKHT0
,이승호,김원섭,70820,71207,,,,,대타 윤상균 : 지명타자(으)로 수비위치 변경; 2번타자 김원섭 : 대타 이재주(으)로 교체;,0,0,0,8,말,1,0,0,0,좌,좌,,,,이승호,박경완,박정권,안경현,최정,모창민,박재상,조동화,박재홍,,,,70820,92809,74846,92207,75847,78813,71857,71848,96362,,,,,,,,,,,,,,,,,,20090409,HT,SK,KIA,SSG,무등,권영철,63,,,20090409SKHT0
,이승호,이재주,70820,92304,0,볼,,,,0,0,0,8,말,1,0,0,0,우,좌,,,,이승호,박경완,박정권,안경현,최정,모창민,박재상,조동화,박재홍,,,,70820,92809,74846,92207,75847,78813,71857,71848,96362,,,,,,,,,,,,,,,,,,20090409,HT,SK,KIA,SSG,무등,권영철,63,1,-1,20090409SKHT0
,이승호,이재주,70820,92304,0,스트라이크,,,,1,0,0,8,말,1,0,0,0,우,좌,,,,이승호,박경완,박정권,안경현,최정,모창민,박재상,조동화,박재홍,,,,70820,92809,74846,92207,75847,78813,71857,71848,96362,,,,,,,,,,,,,,,,,,20090409,HT,SK,KIA,SSG,무등,권영철,63,2,-1,20090409SKHT0
,이승호,이재주,70820,92304,0,볼,,,,1,1,0,8,말,1,0,0,0,우,좌,,,,이승호,박경완,박정권,안경현,최정,모창민,박재상,조동화,박재홍,,,,70820,92809,74846,92207,75847,78813,71857,71848,96362,,,,,,,,,,,,,,,,,,20090409,HT,SK,KIA,SSG,무등,권영철,63,3,-1,20090409SKHT0
,이승호,이재주,70820,92304,0,볼,,,,2,1,0,8,말,1,0,0,0,우,좌,,,,이승호,박경완,박정권,안경현,최정,모창민,박재상,조동화,박재홍,,,,70820,92809,74846,92207,75847,78813,71857,71848,96362,,,,,,,,,,,,,,,,,,20090409,HT,SK,KIA,SSG,무등,권영철,63,4,-1,20090409SKHT0
,이승호,이재주,70820,92304,0,파울,,,,3,1,0,8,말,1,0,0,0,우,좌,,,,이승호,박경완,박정권,안경현,최정,모창민,박재상,조동화,박재홍,,,,70820,92809,74846,92207,75847,78813,71857,71848,96362,,,,,,,,,,,,,,,,,,20090409,HT,SK,KIA,SSG,무등,권영철,63,5,-1,20090409SKHT0
,이승호,이재주,70820,92304,0,파울,,,,3,2,0,8,말,1,0,0,0,우,좌,,,,이승호,박경완,박정권,안경현,최정,모창민,박재상,조동화,박재홍,,,,70820,92809,74846,92207,75847,78813,71857,71848,96362,,,,,,,,,,,,,,,,,,20090409,HT,SK,KIA,SSG,무등,권영철,63,6,-1,20090409SKHT0
,이승호,이재주,70820,92304,0,볼,볼넷,볼넷,이재주 :  볼넷;,3,2,0,8,말,1,0,0,0,우,좌,,,,이승호,박경완,박정권,안경현,최정,모창민,박재상,조동화,박재홍,,,,70820,92809,74846,92207,75847,78813,71857,71848,96362,,,,,,,,,,,,,,,,,,20090409,HT,SK,KIA,SSG,무등,권영철,63,7,-1,20090409SKHT0
,이승호,장성호,70820,96610,,,,,1루주자 이재주 : 대주자 최용규(으)로 교체;,0,0,0,8,말,1,0,0,0,좌,좌,이재주,,,이승호,박경완,박정권,안경현,최정,모창민,박재상,조동화,박재홍,92304.0,,,70820,92809,74846,92207,75847,78813,71857,71848,96362,,,,,,,,,,,,,,,,,,20090409,HT,SK,KIA,SSG,무등,권영철,64,,,20090409SKHT0
,이승호,장성호,70820,96610,0,스트라이크,,,,0,0,0,8,말,1,0,0,0,좌,좌,최용규,,,이승호,박경완,박정권,안경현,최정,모창민,박재상,조동화,박재홍,78666.0,,,70820,92809,74846,92207,75847,78813,71857,71848,96362,,,,,,,,,,,,,,,,,,20090409,HT,SK,KIA,SSG,무등,권영철,64,1,-1,20090409SKHT0
,이승호,장성호,70820,96610,0,파울,,,,0,1,0,8,말,1,0,0,0,좌,좌,최용규,,,이승호,박경완,박정권,안경현,최정,모창민,박재상,조동화,박재홍,78666.0,,,70820,92809,74846,92207,75847,78813,71857,71848,96362,,,,,,,,,,,,,,,,,,20090409,HT,SK,KIA,SSG,무등,권영철,64,2,-1,20090409SKHT0
,이승호,장성호,70820,96610,0,볼,,,,0,2,0,8,말,1,0,0,0,좌,좌,최용규,,,이승호,박경완,박정권,안경현,최정,모창민,박재상,조동화,박재홍,78666.0,,,70820,92809,74846,92207,75847,78813,71857,71848,96362,,,,,,,,,,,,,,,,,,20090409,HT,SK,KIA,SSG,무등,권영철,64,3,-1,20090409SKHT0
,이승호,장성호,70820,96610,0,볼,,,,1,2,0,8,말,1,0,0,0,좌,좌,최용규,,,이승호,박경완,박정권,안경현,최정,모창민,박재상,조동화,박재홍,78666.0,,,70820,92809,74846,92207,75847,78813,71857,71848,96362,,,,,,,,,,,,,,,,,,20090409,HT,SK,KIA,SSG,무등,권영철,64,4,-1,20090409SKHT0
,이승호,장성호,70820,96610,0,볼,,,,2,2,0,8,말,1,0,0,0,좌,좌,최용규,,,이승호,박경완,박정권,안경현,최정,모창민,박재상,조동화,박재홍,78666.0,,,70820,92809,74846,92207,75847,78813,71857,71848,96362,,,,,,,,,,,,,,,,,,20090409,HT,SK,KIA,SSG,무등,권영철,64,5,-1,20090409SKHT0
,이승호,장성호,70820,96610,0,타격,필드 아웃,플라이 아웃,장성호 : 2루수 플라이 아웃;,3,2,0,8,말,1,0,1,0,좌,좌,최용규,,,이승호,박경완,박정권,안경현,최정,모창민,박재상,조동화,박재홍,78666.0,,,70820,92809,74846,92207,75847,78813,71857,71848,96362,,,,,,,,,,,,,,,,,,20090409,HT,SK,KIA,SSG,무등,권영철,64,6,-1,20090409SKHT0
,이승호,최희섭,70820,77623,0,헛스윙,,,,0,0,1,8,말,1,0,0,0,좌,좌,최용규,,,이승호,박경완,박정권,안경현,최정,모창민,박재상,조동화,박재홍,78666.0,,,70820,92809,74846,92207,75847,78813,71857,71848,96362,,,,,,,,,,,,,,,,,,20090409,HT,SK,KIA,SSG,무등,권영철,65,1,-1,20090409SKHT0
,이승호,최희섭,70820,77623,0,볼,,,,0,1,1,8,말,1,0,0,0,좌,좌,최용규,,,이승호,박경완,박정권,안경현,최정,모창민,박재상,조동화,박재홍,78666.0,,,70820,92809,74846,92207,75847,78813,71857,71848,96362,,,,,,,,,,,,,,,,,,20090409,HT,SK,KIA,SSG,무등,권영철,65,2,-1,20090409SKHT0
,이승호,최희섭,70820,77623,0,볼,,,,1,1,1,8,말,1,0,0,0,좌,좌,최용규,,,이승호,박경완,박정권,안경현,최정,모창민,박재상,조동화,박재홍,78666.0,,,70820,92809,74846,92207,75847,78813,71857,71848,96362,,,,,,,,,,,,,,,,,,20090409,HT,SK,KIA,SSG,무등,권영철,65,3,-1,20090409SKHT0
,이승호,최희섭,70820,77623,0,헛스윙,,,,2,1,1,8,말,1,0,0,0,좌,좌,최용규,,,이승호,박경완,박정권,안경현,최정,모창민,박재상,조동화,박재홍,78666.0,,,70820,92809,74846,92207,75847,78813,71857,71848,96362,,,,,,,,,,,,,,,,,,20090409,HT,SK,KIA,SSG,무등,권영철,65,4,-1,20090409SKHT0
,이승호,최희섭,70820,77623,0,타격,필드 아웃,플라이 아웃,최희섭 : 좌익수 플라이 아웃;,2,2,1,8,말,1,0,1,0,좌,좌,최용규,,,이승호,박경완,박정권,안경현,최정,모창민,박재상,조동화,박재홍,78666.0,,,70820,92809,74846,92207,75847,78813,71857,71848,96362,,,,,,,,,,,,,,,,,,20090409,HT,SK,KIA,SSG,무등,권영철,65,5,-1,20090409SKHT0
,이승호,나지완,70820,78629,,,,,투수 이승호 : 투수 정대현 (으)로 교체;,0,0,2,8,말,1,0,0,0,우,좌,최용규,,,이승호,박경완,박정권,안경현,최정,모창민,박재상,조동화,박재홍,78666.0,,,70820,92809,74846,92207,75847,78813,71857,71848,96362,,,,,,,,,,,,,,,,,,20090409,HT,SK,KIA,SSG,무등,권영철,66,,,20090409SKHT0
,정대현,나지완,71801,78629,0,볼,,,,0,0,2,8,말,1,0,0,0,우,우,최용규,,,정대현,박경완,박정권,안경현,최정,모창민,박재상,조동화,박재홍,78666.0,,,71801,92809,74846,92207,75847,78813,71857,71848,96362,,,,,,,,,,,,,,,,,,20090409,HT,SK,KIA,SSG,무등,권영철,66,1,-1,20090409SKHT0
,정대현,나지완,71801,78629,,,,,1루주자 최용규 :  도루로 2루까지 진루;,1,0,2,8,말,1,0,0,0,우,우,최용규,,,정대현,박경완,박정권,안경현,최정,모창민,박재상,조동화,박재홍,78666.0,,,71801,92809,74846,92207,75847,78813,71857,71848,96362,,,,,,,,,,,,,,,,,,20090409,HT,SK,KIA,SSG,무등,권영철,66,,,20090409SKHT0
,정대현,나지완,71801,78629,0,볼,,,,1,0,2,8,말,1,0,0,0,우,우,,최용규,,정대현,박경완,박정권,안경현,최정,모창민,박재상,조동화,박재홍,,78666.0,,71801,92809,74846,92207,75847,78813,71857,71848,96362,,,,,,,,,,,,,,,,,,20090409,HT,SK,KIA,SSG,무등,권영철,66,2,-1,20090409SKHT0
,정대현,나지완,71801,78629,0,볼,,,,2,0,2,8,말,1,0,0,0,우,우,,최용규,,정대현,박경완,박정권,안경현,최정,모창민,박재상,조동화,박재홍,,78666.0,,71801,92809,74846,92207,75847,78813,71857,71848,96362,,,,,,,,,,,,,,,,,,20090409,HT,SK,KIA,SSG,무등,권영철,66,3,-1,20090409SKHT0
,정대현,나지완,71801,78629,0,스트라이크,,,,3,0,2,8,말,1,0,0,0,우,우,,최용규,,정대현,박경완,박정권,안경현,최정,모창민,박재상,조동화,박재홍,,78666.0,,71801,92809,74846,92207,75847,78813,71857,71848,96362,,,,,,,,,,,,,,,,,,20090409,HT,SK,KIA,SSG,무등,권영철,66,4,-1,20090409SKHT0
,정대현,나지완,71801,78629,0,볼,볼넷,볼넷,나지완 :  볼넷;,3,1,2,8,말,1,0,0,0,우,우,,최용규,,정대현,박경완,박정권,안경현,최정,모창민,박재상,조동화,박재홍,,78666.0,,71801,92809,74846,92207,75847,78813,71857,71848,96362,,,,,,,,,,,,,,,,,,20090409,HT,SK,KIA,SSG,무등,권영철,66,5,-1,20090409SKHT0
,정대현,안치홍,71801,79608,,,,,중견수 조동화 : 우익수(으)로 수비위치 변경; 우익수 박재홍 : 중견수(으)로 수비위치 변경;,0,0,2,8,말,1,0,0,0,우,우,나지완,최용규,,정대현,박경완,박정권,안경현,최정,모창민,박재상,조동화,박재홍,78629.0,78666.0,,71801,92809,74846,92207,75847,78813,71857,71848,96362,,,,,,,,,,,,,,,,,,20090409,HT,SK,KIA,SSG,무등,권영철,67,,,20090409SKHT0
,정대현,안치홍,71801,79608,0,스트라이크,,,,0,0,2,8,말,1,0,0,0,우,우,나지완,최용규,,정대현,박경완,박정권,안경현,최정,모창민,박재상,박재홍,조동화,78629.0,78666.0,,71801,92809,74846,92207,75847,78813,71857,96362,71848,,,,,,,,,,,,,,,,,,20090409,HT,SK,KIA,SSG,무등,권영철,67,1,-1,20090409SKHT0
,정대현,안치홍,71801,79608,0,파울,,,,0,1,2,8,말,1,0,0,0,우,우,나지완,최용규,,정대현,박경완,박정권,안경현,최정,모창민,박재상,박재홍,조동화,78629.0,78666.0,,71801,92809,74846,92207,75847,78813,71857,96362,71848,,,,,,,,,,,,,,,,,,20090409,HT,SK,KIA,SSG,무등,권영철,67,2,-1,20090409SKHT0
,정대현,안치홍,71801,79608,0,볼,,,,0,2,2,8,말,1,0,0,0,우,우,나지완,최용규,,정대현,박경완,박정권,안경현,최정,모창민,박재상,박재홍,조동화,78629.0,78666.0,,71801,92809,74846,92207,75847,78813,71857,96362,71848,,,,,,,,,,,,,,,,,,20090409,HT,SK,KIA,SSG,무등,권영철,67,3,-1,20090409SKHT0
,정대현,안치홍,71801,79608,0,파울,,,,1,2,2,8,말,1,0,0,0,우,우,나지완,최용규,,정대현,박경완,박정권,안경현,최정,모창민,박재상,박재홍,조동화,78629.0,78666.0,,71801,92809,74846,92207,75847,78813,71857,96362,71848,,,,,,,,,,,,,,,,,,20090409,HT,SK,KIA,SSG,무등,권영철,67,4,-1,20090409SKHT0
,정대현,안치홍,71801,79608,0,볼,,,,1,2,2,8,말,1,0,0,0,우,우,나지완,최용규,,정대현,박경완,박정권,안경현,최정,모창민,박재상,박재홍,조동화,78629.0,78666.0,,71801,92809,74846,92207,75847,78813,71857,96362,71848,,,,,,,,,,,,,,,,,,20090409,HT,SK,KIA,SSG,무등,권영철,67,5,-1,20090409SKHT0
,정대현,안치홍,71801,79608,0,파울,,,,2,2,2,8,말,1,0,0,0,우,우,나지완,최용규,,정대현,박경완,박정권,안경현,최정,모창민,박재상,박재홍,조동화,78629.0,78666.0,,71801,92809,74846,92207,75847,78813,71857,96362,71848,,,,,,,,,,,,,,,,,,20090409,HT,SK,KIA,SSG,무등,권영철,67,6,-1,20090409SKHT0
,정대현,안치홍,71801,79608,0,파울,,,,2,2,2,8,말,1,0,0,0,우,우,나지완,최용규,,정대현,박경완,박정권,안경현,최정,모창민,박재상,박재홍,조동화,78629.0,78666.0,,71801,92809,74846,92207,75847,78813,71857,96362,71848,,,,,,,,,,,,,,,,,,20090409,HT,SK,KIA,SSG,무등,권영철,67,7,-1,20090409SKHT0
,정대현,안치홍,71801,79608,0,타격,내야안타,내야안타,안치홍 : 2루수 왼쪽 내야안타; 1루주자 나지완 :   2루까지 진루; 2루주자 최용규 :  홈인;,2,2,2,8,말,1,0,0,1,우,우,나지완,최용규,,정대현,박경완,박정권,안경현,최정,모창민,박재상,박재홍,조동화,78629.0,78666.0,,71801,92809,74846,92207,75847,78813,71857,96362,71848,,,,,,,,,,,,,,,,,,20090409,HT,SK,KIA,SSG,무등,권영철,67,8,-1,20090409SKHT0
,정대현,이현곤,71801,72606,,,,,7번타자 이현곤 : 대타 최경환(으)로 교체;,0,0,2,8,말,1,1,0,0,우,우,안치홍,나지완,,정대현,박경완,박정권,안경현,최정,모창민,박재상,박재홍,조동화,79608.0,78629.0,,71801,92809,74846,92207,75847,78813,71857,96362,71848,,,,,,,,,,,,,,,,,,20090409,HT,SK,KIA,SSG,무등,권영철,68,,,20090409SKHT0
,정대현,최경환,71801,70117,0,타격,포스 아웃,땅볼 아웃,최경환 : 투수 땅볼 아웃 (투수->1루수 송구아웃);,0,0,2,8,말,1,1,1,0,좌,우,안치홍,나지완,,정대현,박경완,박정권,안경현,최정,모창민,박재상,박재홍,조동화,79608.0,78629.0,,71801,92809,74846,92207,75847,78813,71857,96362,71848,,,,,,,,,,,,,,,,,,20090409,HT,SK,KIA,SSG,무등,권영철,68,1,-1,20090409SKHT0
,손영민,박경완,76639,92809,,,,,우익수 이종범 : 중견수(으)로 수비위치 변경; 대주자 최용규 : 유격수 김선빈 (으)로 교체; 좌익수 나지완 : 우익수(으)로 수비위치 변경; 대타 최경환 : 좌익수(으)로 수비위치 변경;,0,0,0,9,초,1,1,0,0,우,우,,,,손영민,김상훈,최희섭,김종국,안치홍,이현곤,나지완,김원섭,이종범,,,,76639,70612,77623,96616,79608,72606,78629,71207,93607,,,,,,,,,,,,,,,,,,20090409,HT,SK,KIA,SSG,무등,권영철,69,,,20090409SKHT0
,손영민,박경완,76639,92809,0,볼,,,,0,0,0,9,초,1,1,0,0,우,우,,,,손영민,김상훈,최희섭,김종국,안치홍,김선빈,최경환,이종범,나지완,,,,76639,70612,77623,96616,79608,78603,70117,93607,78629,,,,,,,,,,,,,,,,,,20090409,HT,SK,KIA,SSG,무등,권영철,69,1,-1,20090409SKHT0
,손영민,박경완,76639,92809,0,스트라이크,,,,1,0,0,9,초,1,1,0,0,우,우,,,,손영민,김상훈,최희섭,김종국,안치홍,김선빈,최경환,이종범,나지완,,,,76639,70612,77623,96616,79608,78603,70117,93607,78629,,,,,,,,,,,,,,,,,,20090409,HT,SK,KIA,SSG,무등,권영철,69,2,-1,20090409SKHT0
,손영민,박경완,76639,92809,0,스트라이크,,,,1,1,0,9,초,1,1,0,0,우,우,,,,손영민,김상훈,최희섭,김종국,안치홍,김선빈,최경환,이종범,나지완,,,,76639,70612,77623,96616,79608,78603,70117,93607,78629,,,,,,,,,,,,,,,,,,20090409,HT,SK,KIA,SSG,무등,권영철,69,3,-1,20090409SKHT0
,손영민,박경완,76639,92809,0,볼,,,,1,2,0,9,초,1,1,0,0,우,우,,,,손영민,김상훈,최희섭,김종국,안치홍,김선빈,최경환,이종범,나지완,,,,76639,70612,77623,96616,79608,78603,70117,93607,78629,,,,,,,,,,,,,,,,,,20090409,HT,SK,KIA,SSG,무등,권영철,69,4,-1,20090409SKHT0
,손영민,박경완,76639,92809,0,볼,,,,2,2,0,9,초,1,1,0,0,우,우,,,,손영민,김상훈,최희섭,김종국,안치홍,김선빈,최경환,이종범,나지완,,,,76639,70612,77623,96616,79608,78603,70117,93607,78629,,,,,,,,,,,,,,,,,,20090409,HT,SK,KIA,SSG,무등,권영철,69,5,-1,20090409SKHT0
,손영민,박경완,76639,92809,0,타격,안타,안타,박경완 : 좌익수 앞 1루타;,3,2,0,9,초,1,1,0,0,우,우,,,,손영민,김상훈,최희섭,김종국,안치홍,김선빈,최경환,이종범,나지완,,,,76639,70612,77623,96616,79608,78603,70117,93607,78629,,,,,,,,,,,,,,,,,,20090409,HT,SK,KIA,SSG,무등,권영철,69,6,-1,20090409SKHT0
,손영민,모창민,76639,78813,0,번트파울,,,,0,0,0,9,초,1,1,0,0,우,우,박경완,,,손영민,김상훈,최희섭,김종국,안치홍,김선빈,최경환,이종범,나지완,92809.0,,,76639,70612,77623,96616,79608,78603,70117,93607,78629,,,,,,,,,,,,,,,,,,20090409,HT,SK,KIA,SSG,무등,권영철,70,1,-1,20090409SKHT0
,손영민,모창민,76639,78813,0,타격,희생번트,희생번트,모창민 : 포수 희생번트 아웃 (포수->1루수 송구아웃); 1루주자 박경완 :   2루까지 진루;,0,1,0,9,초,1,1,1,0,우,우,박경완,,,손영민,김상훈,최희섭,김종국,안치홍,김선빈,최경환,이종범,나지완,92809.0,,,76639,70612,77623,96616,79608,78603,70117,93607,78629,,,,,,,,,,,,,,,,,,20090409,HT,SK,KIA,SSG,무등,권영철,70,2,-1,20090409SKHT0
,손영민,박재상,76639,71857,0,볼,,,,0,0,1,9,초,1,1,0,0,좌,우,,박경완,,손영민,김상훈,최희섭,김종국,안치홍,김선빈,최경환,이종범,나지완,,92809.0,,76639,70612,77623,96616,79608,78603,70117,93607,78629,,,,,,,,,,,,,,,,,,20090409,HT,SK,KIA,SSG,무등,권영철,71,1,-1,20090409SKHT0
,손영민,박재상,76639,71857,0,볼,,,,1,0,1,9,초,1,1,0,0,좌,우,,박경완,,손영민,김상훈,최희섭,김종국,안치홍,김선빈,최경환,이종범,나지완,,92809.0,,76639,70612,77623,96616,79608,78603,70117,93607,78629,,,,,,,,,,,,,,,,,,20090409,HT,SK,KIA,SSG,무등,권영철,71,2,-1,20090409SKHT0
,손영민,박재상,76639,71857,0,볼,,,,2,0,1,9,초,1,1,0,0,좌,우,,박경완,,손영민,김상훈,최희섭,김종국,안치홍,김선빈,최경환,이종범,나지완,,92809.0,,76639,70612,77623,96616,79608,78603,70117,93607,78629,,,,,,,,,,,,,,,,,,20090409,HT,SK,KIA,SSG,무등,권영철,71,3,-1,20090409SKHT0
,손영민,박재상,76639,71857,0,볼,볼넷,볼넷,박재상 :  볼넷;,3,0,1,9,초,1,1,0,0,좌,우,,박경완,,손영민,김상훈,최희섭,김종국,안치홍,김선빈,최경환,이종범,나지완,,92809.0,,76639,70612,77623,96616,79608,78603,70117,93607,78629,,,,,,,,,,,,,,,,,,20090409,HT,SK,KIA,SSG,무등,권영철,71,4,-1,20090409SKHT0
,손영민,조동화,76639,71848,0,볼,,,,0,0,1,9,초,1,1,0,0,좌,우,박재상,박경완,,손영민,김상훈,최희섭,김종국,안치홍,김선빈,최경환,이종범,나지완,71857.0,92809.0,,76639,70612,77623,96616,79608,78603,70117,93607,78629,,,,,,,,,,,,,,,,,,20090409,HT,SK,KIA,SSG,무등,권영철,72,1,-1,20090409SKHT0
,손영민,조동화,76639,71848,0,타격,병살타,병살타,조동화 : 2루수 병살타 아웃 (2루수->유격수->1루수 송구아웃); 1루주자 박재상 :  포스아웃 (2루수->유격수 2루 터치아웃);,1,0,1,9,초,1,1,2,0,좌,우,박재상,박경완,,손영민,김상훈,최희섭,김종국,안치홍,김선빈,최경환,이종범,나지완,71857.0,92809.0,,76639,70612,77623,96616,79608,78603,70117,93607,78629,,,,,,,,,,,,,,,,,,20090409,HT,SK,KIA,SSG,무등,권영철,72,2,-1,20090409SKHT0
,정대현,김상훈,71801,70612,,,,,우익수 조동화 : 중견수(으)로 수비위치 변경; 중견수 박재홍 : 우익수(으)로 수비위치 변경;,0,0,0,9,말,1,1,0,0,우,우,,,,정대현,박경완,박정권,안경현,최정,모창민,박재상,박재홍,조동화,,,,71801,92809,74846,92207,75847,78813,71857,96362,71848,,,,,,,,,,,,,,,,,,20090409,HT,SK,KIA,SSG,무등,권영철,73,,,20090409SKHT0
,정대현,김상훈,71801,70612,0,파울,,,,0,0,0,9,말,1,1,0,0,우,우,,,,정대현,박경완,박정권,안경현,최정,모창민,박재상,조동화,박재홍,,,,71801,92809,74846,92207,75847,78813,71857,71848,96362,,,,,,,,,,,,,,,,,,20090409,HT,SK,KIA,SSG,무등,권영철,73,1,-1,20090409SKHT0
,정대현,김상훈,71801,70612,0,스트라이크,,,,0,1,0,9,말,1,1,0,0,우,우,,,,정대현,박경완,박정권,안경현,최정,모창민,박재상,조동화,박재홍,,,,71801,92809,74846,92207,75847,78813,71857,71848,96362,,,,,,,,,,,,,,,,,,20090409,HT,SK,KIA,SSG,무등,권영철,73,2,-1,20090409SKHT0
,정대현,김상훈,71801,70612,0,타격,필드 아웃,플라이 아웃,김상훈 : 중견수 플라이 아웃;,0,2,0,9,말,1,1,1,0,우,우,,,,정대현,박경완,박정권,안경현,최정,모창민,박재상,조동화,박재홍,,,,71801,92809,74846,92207,75847,78813,71857,71848,96362,,,,,,,,,,,,,,,,,,20090409,HT,SK,KIA,SSG,무등,권영철,73,3,-1,20090409SKHT0
,정대현,김종국,71801,96616,0,타격,안타,안타,김종국 : 우익수 앞 1루타;,0,0,1,9,말,1,1,0,0,우,우,,,,정대현,박경완,박정권,안경현,최정,모창민,박재상,조동화,박재홍,,,,71801,92809,74846,92207,75847,78813,71857,71848,96362,,,,,,,,,,,,,,,,,,20090409,HT,SK,KIA,SSG,무등,권영철,74,1,-1,20090409SKHT0
,정대현,이종범,71801,93607,,,,,투수 정대현 : 투수 김원형 (으)로 교체;,0,0,1,9,말,1,1,0,0,우,우,김종국,,,정대현,박경완,박정권,안경현,최정,모창민,박재상,조동화,박재홍,96616.0,,,71801,92809,74846,92207,75847,78813,71857,71848,96362,,,,,,,,,,,,,,,,,,20090409,HT,SK,KIA,SSG,무등,권영철,75,,,20090409SKHT0
,김원형,이종범,91848,93607,0,스트라이크,,,,0,0,1,9,말,1,1,0,0,우,우,김종국,,,김원형,박경완,박정권,안경현,최정,모창민,박재상,조동화,박재홍,96616.0,,,91848,92809,74846,92207,75847,78813,71857,71848,96362,,,,,,,,,,,,,,,,,,20090409,HT,SK,KIA,SSG,무등,권영철,75,1,-1,20090409SKHT0
,김원형,이종범,91848,93607,0,파울,,,,0,1,1,9,말,1,1,0,0,우,우,김종국,,,김원형,박경완,박정권,안경현,최정,모창민,박재상,조동화,박재홍,96616.0,,,91848,92809,74846,92207,75847,78813,71857,71848,96362,,,,,,,,,,,,,,,,,,20090409,HT,SK,KIA,SSG,무등,권영철,75,2,-1,20090409SKHT0
,김원형,이종범,91848,93607,0,타격,안타,안타,이종범 : 우익수 앞 1루타; 1루주자 김종국 :   3루까지 진루;,0,2,1,9,말,1,1,0,0,우,우,김종국,,,김원형,박경완,박정권,안경현,최정,모창민,박재상,조동화,박재홍,96616.0,,,91848,92809,74846,92207,75847,78813,71857,71848,96362,,,,,,,,,,,,,,,,,,20090409,HT,SK,KIA,SSG,무등,권영철,75,3,-1,20090409SKHT0
,김원형,김선빈,91848,78603,0,볼,,,,0,0,1,9,말,1,1,0,0,우,우,이종범,,김종국,김원형,박경완,박정권,안경현,최정,모창민,박재상,조동화,박재홍,93607.0,,96616.0,91848,92809,74846,92207,75847,78813,71857,71848,96362,,,,,,,,,,,,,,,,,,20090409,HT,SK,KIA,SSG,무등,권영철,76,1,-1,20090409SKHT0
,김원형,김선빈,91848,78603,,,,,1루주자 이종범 :  도루로 2루까지 진루;,1,0,1,9,말,1,1,0,0,우,우,이종범,,김종국,김원형,박경완,박정권,안경현,최정,모창민,박재상,조동화,박재홍,93607.0,,96616.0,91848,92809,74846,92207,75847,78813,71857,71848,96362,,,,,,,,,,,,,,,,,,20090409,HT,SK,KIA,SSG,무등,권영철,76,,,20090409SKHT0
,김원형,김선빈,91848,78603,0,볼,,,,1,0,1,9,말,1,1,0,0,우,우,,이종범,김종국,김원형,박경완,박정권,안경현,최정,모창민,박재상,조동화,박재홍,,93607.0,96616.0,91848,92809,74846,92207,75847,78813,71857,71848,96362,,,,,,,,,,,,,,,,,,20090409,HT,SK,KIA,SSG,무등,권영철,76,2,-1,20090409SKHT0
,김원형,김선빈,91848,78603,0,볼,,,,2,0,1,9,말,1,1,0,0,우,우,,이종범,김종국,김원형,박경완,박정권,안경현,최정,모창민,박재상,조동화,박재홍,,93607.0,96616.0,91848,92809,74846,92207,75847,78813,71857,71848,96362,,,,,,,,,,,,,,,,,,20090409,HT,SK,KIA,SSG,무등,권영철,76,3,-1,20090409SKHT0
,김원형,김선빈,91848,78603,0,볼,볼넷,볼넷,김선빈 :  볼넷;,3,0,1,9,말,1,1,0,0,우,우,,이종범,김종국,김원형,박경완,박정권,안경현,최정,모창민,박재상,조동화,박재홍,,93607.0,96616.0,91848,92809,74846,92207,75847,78813,71857,71848,96362,,,,,,,,,,,,,,,,,,20090409,HT,SK,KIA,SSG,무등,권영철,76,4,-1,20090409SKHT0
,김원형,장성호,91848,96610,0,볼,,,,0,0,1,9,말,1,1,0,0,좌,우,김선빈,이종범,김종국,김원형,박경완,박정권,안경현,최정,모창민,박재상,조동화,박재홍,78603.0,93607.0,96616.0,91848,92809,74846,92207,75847,78813,71857,71848,96362,,,,,,,,,,,,,,,,,,20090409,HT,SK,KIA,SSG,무등,권영철,77,1,-1,20090409SKHT0
,김원형,장성호,91848,96610,0,볼,,,,1,0,1,9,말,1,1,0,0,좌,우,김선빈,이종범,김종국,김원형,박경완,박정권,안경현,최정,모창민,박재상,조동화,박재홍,78603.0,93607.0,96616.0,91848,92809,74846,92207,75847,78813,71857,71848,96362,,,,,,,,,,,,,,,,,,20090409,HT,SK,KIA,SSG,무등,권영철,77,2,-1,20090409SKHT0
,김원형,장성호,91848,96610,0,스트라이크,,,,2,0,1,9,말,1,1,0,0,좌,우,김선빈,이종범,김종국,김원형,박경완,박정권,안경현,최정,모창민,박재상,조동화,박재홍,78603.0,93607.0,96616.0,91848,92809,74846,92207,75847,78813,71857,71848,96362,,,,,,,,,,,,,,,,,,20090409,HT,SK,KIA,SSG,무등,권영철,77,3,-1,20090409SKHT0
,김원형,장성호,91848,96610,0,타격,병살타,병살타,장성호 : 2루수 병살타 아웃 (2루수->1루수 송구아웃); 1루주자 김선빈 :  태그아웃;,2,1,1,9,말,1,1,2,0,좌,우,김선빈,이종범,김종국,김원형,박경완,박정권,안경현,최정,모창민,박재상,조동화,박재홍,78603.0,93607.0,96616.0,91848,92809,74846,92207,75847,78813,71857,71848,96362,,,,,,,,,,,,,,,,,,20090409,HT,SK,KIA,SSG,무등,권영철,77,4,-1,20090409SKHT0
,손영민,윤상균,76639,78892,,,,,투수 손영민 : 투수 한기주 (으)로 교체;,0,0,0,10,초,1,1,0,0,우,우,,,,손영민,김상훈,최희섭,김종국,안치홍,김선빈,최경환,이종범,나지완,,,,76639,70612,77623,96616,79608,78603,70117,93607,78629,,,,,,,,,,,,,,,,,,20090409,HT,SK,KIA,SSG,무등,권영철,78,,,20090409SKHT0
,한기주,윤상균,76610,78892,0,볼,,,,0,0,0,10,초,1,1,0,0,우,우,,,,한기주,김상훈,최희섭,김종국,안치홍,김선빈,최경환,이종범,나지완,,,,76610,70612,77623,96616,79608,78603,70117,93607,78629,,,,,,,,,,,,,,,,,,20090409,HT,SK,KIA,SSG,무등,권영철,78,1,-1,20090409SKHT0
,한기주,윤상균,76610,78892,0,파울,,,,1,0,0,10,초,1,1,0,0,우,우,,,,한기주,김상훈,최희섭,김종국,안치홍,김선빈,최경환,이종범,나지완,,,,76610,70612,77623,96616,79608,78603,70117,93607,78629,,,,,,,,,,,,,,,,,,20090409,HT,SK,KIA,SSG,무등,권영철,78,2,-1,20090409SKHT0
,한기주,윤상균,76610,78892,0,타격,포스 아웃,땅볼 아웃,윤상균 : 2루수 땅볼 아웃 (2루수->1루수 송구아웃);,1,1,0,10,초,1,1,1,0,우,우,,,,한기주,김상훈,최희섭,김종국,안치홍,김선빈,최경환,이종범,나지완,,,,76610,70612,77623,96616,79608,78603,70117,93607,78629,,,,,,,,,,,,,,,,,,20090409,HT,SK,KIA,SSG,무등,권영철,78,3,-1,20090409SKHT0
,한기주,박재홍,76610,96362,0,타격,필드 아웃,플라이 아웃,박재홍 : 좌익수 플라이 아웃;,0,0,1,10,초,1,1,1,0,우,우,,,,한기주,김상훈,최희섭,김종국,안치홍,김선빈,최경환,이종범,나지완,,,,76610,70612,77623,96616,79608,78603,70117,93607,78629,,,,,,,,,,,,,,,,,,20090409,HT,SK,KIA,SSG,무등,권영철,79,1,-1,20090409SKHT0
,한기주,박정권,76610,74846,0,볼,,,,0,0,2,10,초,1,1,0,0,좌,우,,,,한기주,김상훈,최희섭,김종국,안치홍,김선빈,최경환,이종범,나지완,,,,76610,70612,77623,96616,79608,78603,70117,93607,78629,,,,,,,,,,,,,,,,,,20090409,HT,SK,KIA,SSG,무등,권영철,80,1,-1,20090409SKHT0
,한기주,박정권,76610,74846,0,파울,,,,1,0,2,10,초,1,1,0,0,좌,우,,,,한기주,김상훈,최희섭,김종국,안치홍,김선빈,최경환,이종범,나지완,,,,76610,70612,77623,96616,79608,78603,70117,93607,78629,,,,,,,,,,,,,,,,,,20090409,HT,SK,KIA,SSG,무등,권영철,80,2,-1,20090409SKHT0
,한기주,박정권,76610,74846,0,헛스윙,,,,1,1,2,10,초,1,1,0,0,좌,우,,,,한기주,김상훈,최희섭,김종국,안치홍,김선빈,최경환,이종범,나지완,,,,76610,70612,77623,96616,79608,78603,70117,93607,78629,,,,,,,,,,,,,,,,,,20090409,HT,SK,KIA,SSG,무등,권영철,80,3,-1,20090409SKHT0
,한기주,박정권,76610,74846,0,볼,,,,1,2,2,10,초,1,1,0,0,좌,우,,,,한기주,김상훈,최희섭,김종국,안치홍,김선빈,최경환,이종범,나지완,,,,76610,70612,77623,96616,79608,78603,70117,93607,78629,,,,,,,,,,,,,,,,,,20090409,HT,SK,KIA,SSG,무등,권영철,80,4,-1,20090409SKHT0
,한기주,박정권,76610,74846,0,파울,,,,2,2,2,10,초,1,1,0,0,좌,우,,,,한기주,김상훈,최희섭,김종국,안치홍,김선빈,최경환,이종범,나지완,,,,76610,70612,77623,96616,79608,78603,70117,93607,78629,,,,,,,,,,,,,,,,,,20090409,HT,SK,KIA,SSG,무등,권영철,80,5,-1,20090409SKHT0
,한기주,박정권,76610,74846,0,헛스윙,삼진,삼진,박정권 :  삼진 아웃;,2,2,2,10,초,1,1,0,0,좌,우,,,,한기주,김상훈,최희섭,김종국,안치홍,김선빈,최경환,이종범,나지완,,,,76610,70612,77623,96616,79608,78603,70117,93607,78629,,,,,,,,,,,,,,,,,,20090409,HT,SK,KIA,SSG,무등,권영철,80,6,-1,20090409SKHT0
,김원형,최희섭,91848,77623,0,스트라이크,,,,0,0,0,10,말,1,1,0,0,좌,우,,,,김원형,박경완,박정권,안경현,최정,모창민,박재상,조동화,박재홍,,,,91848,92809,74846,92207,75847,78813,71857,71848,96362,,,,,,,,,,,,,,,,,,20090409,HT,SK,KIA,SSG,무등,권영철,81,1,-1,20090409SKHT0
,김원형,최희섭,91848,77623,0,볼,,,,0,1,0,10,말,1,1,0,0,좌,우,,,,김원형,박경완,박정권,안경현,최정,모창민,박재상,조동화,박재홍,,,,91848,92809,74846,92207,75847,78813,71857,71848,96362,,,,,,,,,,,,,,,,,,20090409,HT,SK,KIA,SSG,무등,권영철,81,2,-1,20090409SKHT0
,김원형,최희섭,91848,77623,0,헛스윙,,,,1,1,0,10,말,1,1,0,0,좌,우,,,,김원형,박경완,박정권,안경현,최정,모창민,박재상,조동화,박재홍,,,,91848,92809,74846,92207,75847,78813,71857,71848,96362,,,,,,,,,,,,,,,,,,20090409,HT,SK,KIA,SSG,무등,권영철,81,3,-1,20090409SKHT0
,김원형,최희섭,91848,77623,0,볼,,,,1,2,0,10,말,1,1,0,0,좌,우,,,,김원형,박경완,박정권,안경현,최정,모창민,박재상,조동화,박재홍,,,,91848,92809,74846,92207,75847,78813,71857,71848,96362,,,,,,,,,,,,,,,,,,20090409,HT,SK,KIA,SSG,무등,권영철,81,4,-1,20090409SKHT0
,김원형,최희섭,91848,77623,0,헛스윙,삼진,삼진,최희섭 :  삼진 아웃;,2,2,0,10,말,1,1,0,0,좌,우,,,,김원형,박경완,박정권,안경현,최정,모창민,박재상,조동화,박재홍,,,,91848,92809,74846,92207,75847,78813,71857,71848,96362,,,,,,,,,,,,,,,,,,20090409,HT,SK,KIA,SSG,무등,권영철,81,5,-1,20090409SKHT0
,김원형,나지완,91848,78629,0,헛스윙,,,,0,0,1,10,말,1,1,0,0,우,우,,,,김원형,박경완,박정권,안경현,최정,모창민,박재상,조동화,박재홍,,,,91848,92809,74846,92207,75847,78813,71857,71848,96362,,,,,,,,,,,,,,,,,,20090409,HT,SK,KIA,SSG,무등,권영철,82,1,-1,20090409SKHT0
,김원형,나지완,91848,78629,0,타격,필드 아웃,플라이 아웃,나지완 : 중견수 플라이 아웃;,0,1,1,10,말,1,1,1,0,우,우,,,,김원형,박경완,박정권,안경현,최정,모창민,박재상,조동화,박재홍,,,,91848,92809,74846,92207,75847,78813,71857,71848,96362,,,,,,,,,,,,,,,,,,20090409,HT,SK,KIA,SSG,무등,권영철,82,2,-1,20090409SKHT0
,김원형,안치홍,91848,79608,0,볼,,,,0,0,2,10,말,1,1,0,0,우,우,,,,김원형,박경완,박정권,안경현,최정,모창민,박재상,조동화,박재홍,,,,91848,92809,74846,92207,75847,78813,71857,71848,96362,,,,,,,,,,,,,,,,,,20090409,HT,SK,KIA,SSG,무등,권영철,83,1,-1,20090409SKHT0
,김원형,안치홍,91848,79608,0,파울,,,,1,0,2,10,말,1,1,0,0,우,우,,,,김원형,박경완,박정권,안경현,최정,모창민,박재상,조동화,박재홍,,,,91848,92809,74846,92207,75847,78813,71857,71848,96362,,,,,,,,,,,,,,,,,,20090409,HT,SK,KIA,SSG,무등,권영철,83,2,-1,20090409SKHT0
,김원형,안치홍,91848,79608,0,스트라이크,,,,1,1,2,10,말,1,1,0,0,우,우,,,,김원형,박경완,박정권,안경현,최정,모창민,박재상,조동화,박재홍,,,,91848,92809,74846,92207,75847,78813,71857,71848,96362,,,,,,,,,,,,,,,,,,20090409,HT,SK,KIA,SSG,무등,권영철,83,3,-1,20090409SKHT0
,김원형,안치홍,91848,79608,0,헛스윙,삼진,삼진,안치홍 :  삼진 아웃;,1,2,2,10,말,1,1,0,0,우,우,,,,김원형,박경완,박정권,안경현,최정,모창민,박재상,조동화,박재홍,,,,91848,92809,74846,92207,75847,78813,71857,71848,96362,,,,,,,,,,,,,,,,,,20090409,HT,SK,KIA,SSG,무등,권영철,83,4,-1,20090409SKHT0
,한기주,안경현,76610,92207,0,스트라이크,,,,0,0,0,11,초,1,1,0,0,우,우,,,,한기주,김상훈,최희섭,김종국,안치홍,김선빈,최경환,이종범,나지완,,,,76610,70612,77623,96616,79608,78603,70117,93607,78629,,,,,,,,,,,,,,,,,,20090409,HT,SK,KIA,SSG,무등,권영철,84,1,-1,20090409SKHT0
,한기주,안경현,76610,92207,0,볼,,,,0,1,0,11,초,1,1,0,0,우,우,,,,한기주,김상훈,최희섭,김종국,안치홍,김선빈,최경환,이종범,나지완,,,,76610,70612,77623,96616,79608,78603,70117,93607,78629,,,,,,,,,,,,,,,,,,20090409,HT,SK,KIA,SSG,무등,권영철,84,2,-1,20090409SKHT0
,한기주,안경현,76610,92207,0,타격,포스 아웃,땅볼 아웃,안경현 : 유격수 땅볼 아웃 (유격수->1루수 송구아웃);,1,1,0,11,초,1,1,1,0,우,우,,,,한기주,김상훈,최희섭,김종국,안치홍,김선빈,최경환,이종범,나지완,,,,76610,70612,77623,96616,79608,78603,70117,93607,78629,,,,,,,,,,,,,,,,,,20090409,HT,SK,KIA,SSG,무등,권영철,84,3,-1,20090409SKHT0
,한기주,최정,76610,75847,0,타격,필드 아웃,플라이 아웃,최정 : 중견수 플라이 아웃;,0,0,1,11,초,1,1,1,0,우,우,,,,한기주,김상훈,최희섭,김종국,안치홍,김선빈,최경환,이종범,나지완,,,,76610,70612,77623,96616,79608,78603,70117,93607,78629,,,,,,,,,,,,,,,,,,20090409,HT,SK,KIA,SSG,무등,권영철,85,1,-1,20090409SKHT0
,한기주,박경완,76610,92809,0,스트라이크,,,,0,0,2,11,초,1,1,0,0,우,우,,,,한기주,김상훈,최희섭,김종국,안치홍,김선빈,최경환,이종범,나지완,,,,76610,70612,77623,96616,79608,78603,70117,93607,78629,,,,,,,,,,,,,,,,,,20090409,HT,SK,KIA,SSG,무등,권영철,86,1,-1,20090409SKHT0
,한기주,박경완,76610,92809,0,스트라이크,,,,0,1,2,11,초,1,1,0,0,우,우,,,,한기주,김상훈,최희섭,김종국,안치홍,김선빈,최경환,이종범,나지완,,,,76610,70612,77623,96616,79608,78603,70117,93607,78629,,,,,,,,,,,,,,,,,,20090409,HT,SK,KIA,SSG,무등,권영철,86,2,-1,20090409SKHT0
,한기주,박경완,76610,92809,0,볼,,,,0,2,2,11,초,1,1,0,0,우,우,,,,한기주,김상훈,최희섭,김종국,안치홍,김선빈,최경환,이종범,나지완,,,,76610,70612,77623,96616,79608,78603,70117,93607,78629,,,,,,,,,,,,,,,,,,20090409,HT,SK,KIA,SSG,무등,권영철,86,3,-1,20090409SKHT0
,한기주,박경완,76610,92809,0,파울,,,,1,2,2,11,초,1,1,0,0,우,우,,,,한기주,김상훈,최희섭,김종국,안치홍,김선빈,최경환,이종범,나지완,,,,76610,70612,77623,96616,79608,78603,70117,93607,78629,,,,,,,,,,,,,,,,,,20090409,HT,SK,KIA,SSG,무등,권영철,86,4,-1,20090409SKHT0
,한기주,박경완,76610,92809,0,볼,,,,1,2,2,11,초,1,1,0,0,우,우,,,,한기주,김상훈,최희섭,김종국,안치홍,김선빈,최경환,이종범,나지완,,,,76610,70612,77623,96616,79608,78603,70117,93607,78629,,,,,,,,,,,,,,,,,,20090409,HT,SK,KIA,SSG,무등,권영철,86,5,-1,20090409SKHT0
,한기주,박경완,76610,92809,0,헛스윙,삼진,삼진,박경완 :  삼진 아웃;,2,2,2,11,초,1,1,0,0,우,우,,,,한기주,김상훈,최희섭,김종국,안치홍,김선빈,최경환,이종범,나지완,,,,76610,70612,77623,96616,79608,78603,70117,93607,78629,,,,,,,,,,,,,,,,,,20090409,HT,SK,KIA,SSG,무등,권영철,86,6,-1,20090409SKHT0
,김원형,최경환,91848,70117,0,스트라이크,,,,0,0,0,11,말,1,1,0,0,좌,우,,,,김원형,박경완,박정권,안경현,최정,모창민,박재상,조동화,박재홍,,,,91848,92809,74846,92207,75847,78813,71857,71848,96362,,,,,,,,,,,,,,,,,,20090409,HT,SK,KIA,SSG,무등,권영철,87,1,-1,20090409SKHT0
,김원형,최경환,91848,70117,0,헛스윙,,,,0,1,0,11,말,1,1,0,0,좌,우,,,,김원형,박경완,박정권,안경현,최정,모창민,박재상,조동화,박재홍,,,,91848,92809,74846,92207,75847,78813,71857,71848,96362,,,,,,,,,,,,,,,,,,20090409,HT,SK,KIA,SSG,무등,권영철,87,2,-1,20090409SKHT0
,김원형,최경환,91848,70117,0,타격,필드 아웃,파울 플라이 아웃,최경환 : 유격수 파울플라이 아웃;,0,2,0,11,말,1,1,1,0,좌,우,,,,김원형,박경완,박정권,안경현,최정,모창민,박재상,조동화,박재홍,,,,91848,92809,74846,92207,75847,78813,71857,71848,96362,,,,,,,,,,,,,,,,,,20090409,HT,SK,KIA,SSG,무등,권영철,87,3,-1,20090409SKHT0
,김원형,김상훈,91848,70612,0,볼,,,,0,0,1,11,말,1,1,0,0,우,우,,,,김원형,박경완,박정권,안경현,최정,모창민,박재상,조동화,박재홍,,,,91848,92809,74846,92207,75847,78813,71857,71848,96362,,,,,,,,,,,,,,,,,,20090409,HT,SK,KIA,SSG,무등,권영철,88,1,-1,20090409SKHT0
,김원형,김상훈,91848,70612,0,볼,,,,1,0,1,11,말,1,1,0,0,우,우,,,,김원형,박경완,박정권,안경현,최정,모창민,박재상,조동화,박재홍,,,,91848,92809,74846,92207,75847,78813,71857,71848,96362,,,,,,,,,,,,,,,,,,20090409,HT,SK,KIA,SSG,무등,권영철,88,2,-1,20090409SKHT0
,김원형,김상훈,91848,70612,0,스트라이크,,,,2,0,1,11,말,1,1,0,0,우,우,,,,김원형,박경완,박정권,안경현,최정,모창민,박재상,조동화,박재홍,,,,91848,92809,74846,92207,75847,78813,71857,71848,96362,,,,,,,,,,,,,,,,,,20090409,HT,SK,KIA,SSG,무등,권영철,88,3,-1,20090409SKHT0
,김원형,김상훈,91848,70612,0,타격,필드 아웃,플라이 아웃,김상훈 : 중견수 플라이 아웃;,2,1,1,11,말,1,1,1,0,우,우,,,,김원형,박경완,박정권,안경현,최정,모창민,박재상,조동화,박재홍,,,,91848,92809,74846,92207,75847,78813,71857,71848,96362,,,,,,,,,,,,,,,,,,20090409,HT,SK,KIA,SSG,무등,권영철,88,4,-1,20090409SKHT0
,김원형,김종국,91848,96616,0,볼,,,,0,0,2,11,말,1,1,0,0,우,우,,,,김원형,박경완,박정권,안경현,최정,모창민,박재상,조동화,박재홍,,,,91848,92809,74846,92207,75847,78813,71857,71848,96362,,,,,,,,,,,,,,,,,,20090409,HT,SK,KIA,SSG,무등,권영철,89,1,-1,20090409SKHT0
,김원형,김종국,91848,96616,0,타격,필드 아웃,플라이 아웃,김종국 : 좌익수 플라이 아웃;,1,0,2,11,말,1,1,1,0,우,우,,,,김원형,박경완,박정권,안경현,최정,모창민,박재상,조동화,박재홍,,,,91848,92809,74846,92207,75847,78813,71857,71848,96362,,,,,,,,,,,,,,,,,,20090409,HT,SK,KIA,SSG,무등,권영철,89,2,-1,20090409SKHT0
,한기주,모창민,76610,78813,0,볼,,,,0,0,0,12,초,1,1,0,0,우,우,,,,한기주,김상훈,최희섭,김종국,안치홍,김선빈,최경환,이종범,나지완,,,,76610,70612,77623,96616,79608,78603,70117,93607,78629,,,,,,,,,,,,,,,,,,20090409,HT,SK,KIA,SSG,무등,권영철,90,1,-1,20090409SKHT0
,한기주,모창민,76610,78813,0,볼,,,,1,0,0,12,초,1,1,0,0,우,우,,,,한기주,김상훈,최희섭,김종국,안치홍,김선빈,최경환,이종범,나지완,,,,76610,70612,77623,96616,79608,78603,70117,93607,78629,,,,,,,,,,,,,,,,,,20090409,HT,SK,KIA,SSG,무등,권영철,90,2,-1,20090409SKHT0
,한기주,모창민,76610,78813,0,스트라이크,,,,2,0,0,12,초,1,1,0,0,우,우,,,,한기주,김상훈,최희섭,김종국,안치홍,김선빈,최경환,이종범,나지완,,,,76610,70612,77623,96616,79608,78603,70117,93607,78629,,,,,,,,,,,,,,,,,,20090409,HT,SK,KIA,SSG,무등,권영철,90,3,-1,20090409SKHT0
,한기주,모창민,76610,78813,0,볼,,,,2,1,0,12,초,1,1,0,0,우,우,,,,한기주,김상훈,최희섭,김종국,안치홍,김선빈,최경환,이종범,나지완,,,,76610,70612,77623,96616,79608,78603,70117,93607,78629,,,,,,,,,,,,,,,,,,20090409,HT,SK,KIA,SSG,무등,권영철,90,4,-1,20090409SKHT0
,한기주,모창민,76610,78813,0,파울,,,,3,1,0,12,초,1,1,0,0,우,우,,,,한기주,김상훈,최희섭,김종국,안치홍,김선빈,최경환,이종범,나지완,,,,76610,70612,77623,96616,79608,78603,70117,93607,78629,,,,,,,,,,,,,,,,,,20090409,HT,SK,KIA,SSG,무등,권영철,90,5,-1,20090409SKHT0
,한기주,모창민,76610,78813,0,타격,안타,안타,모창민 : 좌익수 앞 1루타;,3,2,0,12,초,1,1,0,0,우,우,,,,한기주,김상훈,최희섭,김종국,안치홍,김선빈,최경환,이종범,나지완,,,,76610,70612,77623,96616,79608,78603,70117,93607,78629,,,,,,,,,,,,,,,,,,20090409,HT,SK,KIA,SSG,무등,권영철,90,6,-1,20090409SKHT0
,한기주,박재상,76610,71857,0,스트라이크,,,,0,0,0,12,초,1,1,0,0,좌,우,모창민,,,한기주,김상훈,최희섭,김종국,안치홍,김선빈,최경환,이종범,나지완,78813.0,,,76610,70612,77623,96616,79608,78603,70117,93607,78629,,,,,,,,,,,,,,,,,,20090409,HT,SK,KIA,SSG,무등,권영철,91,1,-1,20090409SKHT0
,한기주,박재상,76610,71857,0,볼,,,,0,1,0,12,초,1,1,0,0,좌,우,모창민,,,한기주,김상훈,최희섭,김종국,안치홍,김선빈,최경환,이종범,나지완,78813.0,,,76610,70612,77623,96616,79608,78603,70117,93607,78629,,,,,,,,,,,,,,,,,,20090409,HT,SK,KIA,SSG,무등,권영철,91,2,-1,20090409SKHT0
,한기주,박재상,76610,71857,0,타격,희생번트,희생번트,박재상 : 투수 희생번트 아웃 (투수->1루수 송구아웃); 1루주자 모창민 :   2루까지 진루;,1,1,0,12,초,1,1,1,0,좌,우,모창민,,,한기주,김상훈,최희섭,김종국,안치홍,김선빈,최경환,이종범,나지완,78813.0,,,76610,70612,77623,96616,79608,78603,70117,93607,78629,,,,,,,,,,,,,,,,,,20090409,HT,SK,KIA,SSG,무등,권영철,91,3,-1,20090409SKHT0
,한기주,조동화,76610,71848,0,볼,,,,0,0,1,12,초,1,1,0,0,좌,우,,모창민,,한기주,김상훈,최희섭,김종국,안치홍,김선빈,최경환,이종범,나지완,,78813.0,,76610,70612,77623,96616,79608,78603,70117,93607,78629,,,,,,,,,,,,,,,,,,20090409,HT,SK,KIA,SSG,무등,권영철,92,1,-1,20090409SKHT0
,한기주,조동화,76610,71848,0,볼,,,,1,0,1,12,초,1,1,0,0,좌,우,,모창민,,한기주,김상훈,최희섭,김종국,안치홍,김선빈,최경환,이종범,나지완,,78813.0,,76610,70612,77623,96616,79608,78603,70117,93607,78629,,,,,,,,,,,,,,,,,,20090409,HT,SK,KIA,SSG,무등,권영철,92,2,-1,20090409SKHT0
,한기주,조동화,76610,71848,0,볼,,,,2,0,1,12,초,1,1,0,0,좌,우,,모창민,,한기주,김상훈,최희섭,김종국,안치홍,김선빈,최경환,이종범,나지완,,78813.0,,76610,70612,77623,96616,79608,78603,70117,93607,78629,,,,,,,,,,,,,,,,,,20090409,HT,SK,KIA,SSG,무등,권영철,92,3,-1,20090409SKHT0
,한기주,조동화,76610,71848,0,스트라이크,,,,3,0,1,12,초,1,1,0,0,좌,우,,모창민,,한기주,김상훈,최희섭,김종국,안치홍,김선빈,최경환,이종범,나지완,,78813.0,,76610,70612,77623,96616,79608,78603,70117,93607,78629,,,,,,,,,,,,,,,,,,20090409,HT,SK,KIA,SSG,무등,권영철,92,4,-1,20090409SKHT0
,한기주,조동화,76610,71848,0,타격,필드 아웃,번트 아웃,조동화 : 투수 번트 아웃 (투수->1루수 송구아웃); 2루주자 모창민 :   3루까지 진루;,3,1,1,12,초,1,1,1,0,좌,우,,모창민,,한기주,김상훈,최희섭,김종국,안치홍,김선빈,최경환,이종범,나지완,,78813.0,,76610,70612,77623,96616,79608,78603,70117,93607,78629,,,,,,,,,,,,,,,,,,20090409,HT,SK,KIA,SSG,무등,권영철,92,5,-1,20090409SKHT0
,한기주,윤상균,76610,78892,0,볼,,,,0,0,2,12,초,1,1,0,0,우,우,,,모창민,한기주,김상훈,최희섭,김종국,안치홍,김선빈,최경환,이종범,나지완,,,78813.0,76610,70612,77623,96616,79608,78603,70117,93607,78629,,,,,,,,,,,,,,,,,,20090409,HT,SK,KIA,SSG,무등,권영철,93,1,-1,20090409SKHT0
,한기주,윤상균,76610,78892,0,타격,2루타,2루타,윤상균 : 우중간 2루타; 3루주자 모창민 :  홈인;,1,0,2,12,초,1,1,0,1,우,우,,,모창민,한기주,김상훈,최희섭,김종국,안치홍,김선빈,최경환,이종범,나지완,,,78813.0,76610,70612,77623,96616,79608,78603,70117,93607,78629,,,,,,,,,,,,,,,,,,20090409,HT,SK,KIA,SSG,무등,권영철,93,2,-1,20090409SKHT0
,한기주,박재홍,76610,96362,0,볼,,,,0,0,2,12,초,2,1,0,0,우,우,,윤상균,,한기주,김상훈,최희섭,김종국,안치홍,김선빈,최경환,이종범,나지완,,78892.0,,76610,70612,77623,96616,79608,78603,70117,93607,78629,,,,,,,,,,,,,,,,,,20090409,HT,SK,KIA,SSG,무등,권영철,94,1,-1,20090409SKHT0
,한기주,박재홍,76610,96362,0,헛스윙,,,,1,0,2,12,초,2,1,0,0,우,우,,윤상균,,한기주,김상훈,최희섭,김종국,안치홍,김선빈,최경환,이종범,나지완,,78892.0,,76610,70612,77623,96616,79608,78603,70117,93607,78629,,,,,,,,,,,,,,,,,,20090409,HT,SK,KIA,SSG,무등,권영철,94,2,-1,20090409SKHT0
,한기주,박재홍,76610,96362,0,파울,,,,1,1,2,12,초,2,1,0,0,우,우,,윤상균,,한기주,김상훈,최희섭,김종국,안치홍,김선빈,최경환,이종범,나지완,,78892.0,,76610,70612,77623,96616,79608,78603,70117,93607,78629,,,,,,,,,,,,,,,,,,20090409,HT,SK,KIA,SSG,무등,권영철,94,3,-1,20090409SKHT0
,한기주,박재홍,76610,96362,0,타격,필드 아웃,플라이 아웃,박재홍 : 3루수 플라이 아웃;,1,2,2,12,초,2,1,1,0,우,우,,윤상균,,한기주,김상훈,최희섭,김종국,안치홍,김선빈,최경환,이종범,나지완,,78892.0,,76610,70612,77623,96616,79608,78603,70117,93607,78629,,,,,,,,,,,,,,,,,,20090409,HT,SK,KIA,SSG,무등,권영철,94,4,-1,20090409SKHT0
,김원형,이종범,91848,93607,0,볼,,,,0,0,0,12,말,2,1,0,0,우,우,,,,김원형,박경완,박정권,안경현,최정,모창민,박재상,조동화,박재홍,,,,91848,92809,74846,92207,75847,78813,71857,71848,96362,,,,,,,,,,,,,,,,,,20090409,HT,SK,KIA,SSG,무등,권영철,95,1,-1,20090409SKHT0
,김원형,이종범,91848,93607,0,볼,,,,1,0,0,12,말,2,1,0,0,우,우,,,,김원형,박경완,박정권,안경현,최정,모창민,박재상,조동화,박재홍,,,,91848,92809,74846,92207,75847,78813,71857,71848,96362,,,,,,,,,,,,,,,,,,20090409,HT,SK,KIA,SSG,무등,권영철,95,2,-1,20090409SKHT0
,김원형,이종범,91848,93607,0,타격,안타,안타,이종범 : 우익수 앞 1루타;,2,0,0,12,말,2,1,0,0,우,우,,,,김원형,박경완,박정권,안경현,최정,모창민,박재상,조동화,박재홍,,,,91848,92809,74846,92207,75847,78813,71857,71848,96362,,,,,,,,,,,,,,,,,,20090409,HT,SK,KIA,SSG,무등,권영철,95,3,-1,20090409SKHT0
,김원형,김선빈,91848,78603,0,파울,,,,0,0,0,12,말,2,1,0,0,우,우,이종범,,,김원형,박경완,박정권,안경현,최정,모창민,박재상,조동화,박재홍,93607.0,,,91848,92809,74846,92207,75847,78813,71857,71848,96362,,,,,,,,,,,,,,,,,,20090409,HT,SK,KIA,SSG,무등,권영철,96,1,-1,20090409SKHT0
,김원형,김선빈,91848,78603,0,타격,안타,안타,김선빈 : 좌익수 앞 1루타; 1루주자 이종범 :   2루까지 진루;,0,1,0,12,말,2,1,0,0,우,우,이종범,,,김원형,박경완,박정권,안경현,최정,모창민,박재상,조동화,박재홍,93607.0,,,91848,92809,74846,92207,75847,78813,71857,71848,96362,,,,,,,,,,,,,,,,,,20090409,HT,SK,KIA,SSG,무등,권영철,96,2,-1,20090409SKHT0
,김원형,장성호,91848,96610,0,볼,,,,0,0,0,12,말,2,1,0,0,좌,우,김선빈,이종범,,김원형,박경완,박정권,안경현,최정,모창민,박재상,조동화,박재홍,78603.0,93607.0,,91848,92809,74846,92207,75847,78813,71857,71848,96362,,,,,,,,,,,,,,,,,,20090409,HT,SK,KIA,SSG,무등,권영철,97,1,-1,20090409SKHT0
,김원형,장성호,91848,96610,0,스트라이크,,,,1,0,0,12,말,2,1,0,0,좌,우,김선빈,이종범,,김원형,박경완,박정권,안경현,최정,모창민,박재상,조동화,박재홍,78603.0,93607.0,,91848,92809,74846,92207,75847,78813,71857,71848,96362,,,,,,,,,,,,,,,,,,20090409,HT,SK,KIA,SSG,무등,권영철,97,2,-1,20090409SKHT0
,김원형,장성호,91848,96610,0,볼,,,,1,1,0,12,말,2,1,0,0,좌,우,김선빈,이종범,,김원형,박경완,박정권,안경현,최정,모창민,박재상,조동화,박재홍,78603.0,93607.0,,91848,92809,74846,92207,75847,78813,71857,71848,96362,,,,,,,,,,,,,,,,,,20090409,HT,SK,KIA,SSG,무등,권영철,97,3,-1,20090409SKHT0
,김원형,장성호,91848,96610,0,타격,안타,안타,장성호 : 우익수 앞 1루타; 1루주자 김선빈 :   2루까지 진루; 2루주자 이종범 :  홈인;,2,1,0,12,말,2,1,0,1,좌,우,김선빈,이종범,,김원형,박경완,박정권,안경현,최정,모창민,박재상,조동화,박재홍,78603.0,93607.0,,91848,92809,74846,92207,75847,78813,71857,71848,96362,,,,,,,,,,,,,,,,,,20090409,HT,SK,KIA,SSG,무등,권영철,97,4,-1,20090409SKHT0
,김원형,최희섭,91848,77623,0,타격,병살타,병살타,최희섭 : 2루수 병살타 아웃 (2루수->유격수->1루수 송구아웃); 1루주자 장성호 :  포스아웃 (2루수->유격수 2루 터치아웃); 2루주자 김선빈 :   3루까지 진루;,0,0,0,12,말,2,2,2,0,좌,우,장성호,김선빈,,김원형,박경완,박정권,안경현,최정,모창민,박재상,조동화,박재홍,96610.0,78603.0,,91848,92809,74846,92207,75847,78813,71857,71848,96362,,,,,,,,,,,,,,,,,,20090409,HT,SK,KIA,SSG,무등,권영철,98,1,-1,20090409SKHT0
,김원형,나지완,91848,78629,0,볼,,,,0,0,2,12,말,2,2,0,0,우,우,,,김선빈,김원형,박경완,박정권,안경현,최정,모창민,박재상,조동화,박재홍,,,78603.0,91848,92809,74846,92207,75847,78813,71857,71848,96362,,,,,,,,,,,,,,,,,,20090409,HT,SK,KIA,SSG,무등,권영철,99,1,-1,20090409SKHT0
,김원형,나지완,91848,78629,0,볼,,,,1,0,2,12,말,2,2,0,0,우,우,,,김선빈,김원형,박경완,박정권,안경현,최정,모창민,박재상,조동화,박재홍,,,78603.0,91848,92809,74846,92207,75847,78813,71857,71848,96362,,,,,,,,,,,,,,,,,,20090409,HT,SK,KIA,SSG,무등,권영철,99,2,-1,20090409SKHT0
,김원형,나지완,91848,78629,0,볼,,,,2,0,2,12,말,2,2,0,0,우,우,,,김선빈,김원형,박경완,박정권,안경현,최정,모창민,박재상,조동화,박재홍,,,78603.0,91848,92809,74846,92207,75847,78813,71857,71848,96362,,,,,,,,,,,,,,,,,,20090409,HT,SK,KIA,SSG,무등,권영철,99,3,-1,20090409SKHT0
,김원형,나지완,91848,78629,0,볼,고의4구,고의4구,나지완 :  고의4구;,3,0,2,12,말,2,2,0,0,우,우,,,김선빈,김원형,박경완,박정권,안경현,최정,모창민,박재상,조동화,박재홍,,,78603.0,91848,92809,74846,92207,75847,78813,71857,71848,96362,,,,,,,,,,,,,,,,,,20090409,HT,SK,KIA,SSG,무등,권영철,99,4,-1,20090409SKHT0
,김원형,안치홍,91848,79608,0,타격,필드 아웃,플라이 아웃,안치홍 : 좌익수 플라이 아웃;,0,0,2,12,말,2,2,1,0,우,우,나지완,,김선빈,김원형,박경완,박정권,안경현,최정,모창민,박재상,조동화,박재홍,78629.0,,78603.0,91848,92809,74846,92207,75847,78813,71857,71848,96362,,,,,,,,,,,,,,,,,,20090409,HT,SK,KIA,SSG,무등,권영철,100,1,-1,20090409SKHT0
